stop_id,lat,lon,shelter_code,municipio
20371,38.66333,-9.21272,PT-ALM-AB-00104,Almada
20433,38.65427,-9.21818,PT-ALM-AB-00105,Almada
20445,38.65362,-9.21805,PT-ALM-AB-00106,Almada
20319,38.656326,-9.201882,PT-ALM-AB-00108,Almada
20357,38.6596,-9.20245,PT-ALM-AB-00109,Almada
20449,38.6879,-9.1467,PT-ALM-AB-00136,Almada
20959,38.6873752,-9.1471967,PT-ALM-AB-00137,Almada
21007,38.6873752,-9.1471967,PT-ALM-AB-00138,Almada
20113,38.6873752,-9.1471967,PT-ALM-AB-00139,Almada
20037,38.6873752,-9.1471967,PT-ALM-AB-00140,Almada
20429,38.6873752,-9.1471967,PT-ALM-AB-00141,Almada
20955,38.6873752,-9.1471967,PT-ALM-AB-00142,Almada
20403,38.6873752,-9.1471967,PT-ALM-AB-00143,Almada
20973,38.6873752,-9.1471967,PT-ALM-AB-00144,Almada
20489,38.6873752,-9.1471967,PT-ALM-AB-00145,Almada
20075,38.66383,-9.19012,PT-ALM-AB-00149,Almada
20309,38.6646,-9.1972,PT-ALM-AB-00150,Almada
20941,38.6712,-9.1779,PT-ALM-AB-00153,Almada
20308,38.66562,-9.19507,PT-ALM-AB-00154,Almada
20314,38.66402,-9.20358,PT-ALM-AB-00155,Almada
20643,38.6471,-9.2238,PT-ALM-AB-00156,Almada
20361,38.6654,-9.19475,PT-ALM-AB-00159,Almada
20317,38.65962,-9.20313,PT-ALM-AB-00185,Almada
20451,38.64813,-9.2351,PT-ALM-AB-00186,Almada
20454,38.65108,-9.23672,PT-ALM-AB-00187,Almada
20469,38.65322,-9.2377,PT-ALM-AB-00188,Almada
20471,38.65793,-9.24032,PT-ALM-AB-00189,Almada
20573,38.66063,-9.2417,PT-ALM-AB-00190,Almada
20575,38.66283,-9.24288,PT-ALM-AB-00191,Almada
20565,38.66217,-9.24282,PT-ALM-AB-00192,Almada
20571,38.66042,-9.24187,PT-ALM-AB-00193,Almada
20463,38.65777,-9.2406,PT-ALM-AB-00194,Almada
20465,38.65452,-9.2387,PT-ALM-AB-00195,Almada
20453,38.6509,-9.23678,PT-ALM-AB-00196,Almada
20579,38.6691,-9.23862,PT-ALM-AB-00197,Almada
20389,38.67105,-9.23182,PT-ALM-AB-00198,Almada
21017,38.64044,-9.23024,PT-ALM-AB-00199,Almada
21018,38.64037,-9.23042,PT-ALM-AB-00200,Almada
20639,38.64363,-9.23273,PT-ALM-AB-00201,Almada
20002,38.64388,-9.23285,PT-ALM-AB-00202,Almada
20577,38.66512,-9.24265,PT-ALM-AB-00203,Almada
20563,38.6652,-9.24283,PT-ALM-AB-00204,Almada
20385,38.67385,-9.23158,PT-ALM-AB-00205,Almada
24855,38.674,-9.23177,PT-ALM-AB-00206,Almada
20387,38.67278,-9.23223,PT-ALM-AB-00208,Almada
20641,38.64665,-9.23067,PT-ALM-AB-00210,Almada
20561,38.66872,-9.23915,PT-ALM-AB-00211,Almada
20539,38.66985,-9.2332,PT-ALM-AB-00212,Almada
20559,38.67073,-9.23633,PT-ALM-AB-00213,Almada
20254,38.66745,-9.19123,PT-ALM-AB-00217,Almada
20255,38.66767,-9.18828,PT-ALM-AB-00219,Almada
20256,38.66787,-9.18819,PT-ALM-AB-00221,Almada
20746,38.67445,-9.16227,PT-ALM-AB-00223,Almada
20072,38.66781,-9.16436,PT-ALM-AB-00224,Almada
20083,38.6777,-9.16172,PT-ALM-AB-00225,Almada
20058,38.67732,-9.15625,PT-ALM-AB-00226,Almada
20057,38.67737,-9.1559,PT-ALM-AB-00227,Almada
20109,38.67815,-9.15352,PT-ALM-AB-00228,Almada
20112,38.67952,-9.15288,PT-ALM-AB-00229,Almada
20059,38.67912,-9.15677,PT-ALM-AB-00230,Almada
20495,38.67682,-9.15145,PT-ALM-AB-00231,Almada
20740,38.67145,-9.15685,PT-ALM-AB-00232,Almada
20063,38.67564,-9.16377,PT-ALM-AB-00233,Almada
20100,38.66898,-9.16231,PT-ALM-AB-00234,Almada
20088,38.65922,-9.17327,PT-ALM-AB-00235,Almada
20069,38.66879,-9.15943,PT-ALM-AB-00237,Almada
21011,38.66828,-9.15955,PT-ALM-AB-00238,Almada
20099,38.66893,-9.16217,PT-ALM-AB-00239,Almada
20407,38.67378,-9.16982,PT-ALM-AB-00240,Almada
20033,38.68383,-9.15035,PT-ALM-AB-00241,Almada
20041,38.68403,-9.15023,PT-ALM-AB-00242,Almada
20031,38.68228,-9.15217,PT-ALM-AB-00243,Almada
20199,38.68248,-9.15253,PT-ALM-AB-00244,Almada
20039,38.68503,-9.14733,PT-ALM-AB-00245,Almada
20405,38.6756,-9.16688,PT-ALM-AB-00254,Almada
20290,38.67328,-9.17256,PT-ALM-AB-00255,Almada
20066,38.67435,-9.16193,PT-ALM-AB-00256,Almada
20081,38.67375,-9.16155,PT-ALM-AB-00257,Almada
20105,38.67391,-9.15902,PT-ALM-AB-00258,Almada
20107,38.67586,-9.15787,PT-ALM-AB-00259,Almada
20115,38.6818,-9.15242,PT-ALM-AB-00261,Almada
20064,38.67575,-9.16384,PT-ALM-AB-00262,Almada
20492,38.6843,-9.14713,PT-ALM-AB-00263,Almada
20494,38.68013,-9.14953,PT-ALM-AB-00264,Almada
20493,38.67993,-9.14988,PT-ALM-AB-00265,Almada
20496,38.67687,-9.15155,PT-ALM-AB-00266,Almada
20497,38.67343,-9.15452,PT-ALM-AB-00267,Almada
20535,38.67271,-9.155,PT-ALM-AB-00268,Almada
20533,38.67068,-9.15732,PT-ALM-AB-00269,Almada
20500,38.66389,-9.15977,PT-ALM-AB-00271,Almada
20943,38.66018,-9.15688,PT-ALM-AB-00272,Almada
20681,38.6566,-9.15438,PT-ALM-AB-00273,Almada
20684,38.65102,-9.15303,PT-ALM-AB-00274,Almada
20944,38.66015,-9.15697,PT-ALM-AB-00275,Almada
20425,38.67348,-9.16999,PT-ALM-AB-00277,Almada
20427,38.67517,-9.16732,PT-ALM-AB-00279,Almada
20683,38.65102,-9.15315,PT-ALM-AB-00281,Almada
20106,38.67408,-9.15907,PT-ALM-AB-00282,Almada
20499,38.66415,-9.15965,PT-ALM-AB-00283,Almada
20071,38.66795,-9.16436,PT-ALM-AB-00285,Almada
21019,38.66805,-9.16478,PT-ALM-AB-00287,Almada
20061,38.67748,-9.1628,PT-ALM-AB-00288,Almada
20117,38.67543,-9.15838,PT-ALM-AB-00289,Almada
20077,38.66773,-9.1594,PT-ALM-AB-00291,Almada
20009,38.6765,-9.17107,PT-ALM-AB-00294,Almada
20456,38.6521,-9.2349,PT-ALM-AB-00297,Almada
20455,38.6521,-9.2348,PT-ALM-AB-00298,Almada
20458,38.6546,-9.2358,PT-ALM-AB-00299,Almada
20457,38.6547,-9.2359,PT-ALM-AB-00300,Almada
20460,38.6563,-9.2369,PT-ALM-AB-00301,Almada
20461,38.6584,-9.2399,PT-ALM-AB-00303,Almada
20462,38.6584,-9.2401,PT-ALM-AB-00304,Almada
20647,38.6459,-9.2165,PT-ALM-AB-00305,Almada
20649,38.6445,-9.2111,PT-ALM-AB-00306,Almada
20650,38.6446,-9.2111,PT-ALM-AB-00307,Almada
20712,38.6421,-9.1931,PT-ALM-AB-00308,Almada
20720,38.6385,-9.1774,PT-ALM-AB-00310,Almada
20721,38.64,-9.1768,PT-ALM-AB-00311,Almada
20722,38.6401,-9.1769,PT-ALM-AB-00312,Almada
20267,38.6691,-9.1835,PT-ALM-AB-00313,Almada
20268,38.6691,-9.1835,PT-ALM-AB-00314,Almada
20265,38.6687,-9.185,PT-ALM-AB-00315,Almada
21006,38.6664,-9.1872,PT-ALM-AB-00316,Almada
21005,38.6664,-9.187,PT-ALM-AB-00317,Almada
21003,38.6661,-9.1847,PT-ALM-AB-00318,Almada
21004,38.6659,-9.1851,PT-ALM-AB-00319,Almada
21002,38.6672,-9.1825,PT-ALM-AB-00320,Almada
20711,38.6421,-9.1929,PT-ALM-AB-00321,Almada
20003,38.6743,-9.1734,PT-ALM-AB-00323,Almada
20719,38.6387,-9.1773,PT-ALM-AB-00324,Almada
20586,38.6476,-9.1965,PT-ALM-AB-00325,Almada
21001,38.6672,-9.1824,PT-ALM-AB-00326,Almada
20273,38.6677,-9.1814,PT-ALM-AB-00327,Almada
20293,38.6679,-9.1808,PT-ALM-AB-00328,Almada
20097,38.6623,-9.1634,PT-ALM-AB-00329,Almada
20093,38.6598,-9.162,PT-ALM-AB-00330,Almada
20090,38.6568,-9.1629,PT-ALM-AB-00331,Almada
20133,38.6464,-9.1693,PT-ALM-AB-00332,Almada
20132,38.6468,-9.1717,PT-ALM-AB-00333,Almada
20123,38.6532,-9.174,PT-ALM-AB-00334,Almada
20150,38.6342,-9.1789,PT-ALM-AB-00335,Almada
20191,38.6313,-9.1819,PT-ALM-AB-00336,Almada
20189,38.6312,-9.1935,PT-ALM-AB-00337,Almada
20473,38.5971,-9.1876,PT-ALM-AB-00338,Almada
20474,38.597,-9.1877,PT-ALM-AB-00339,Almada
20999,38.5758,-9.1932,PT-ALM-AB-00340,Almada
20997,38.5779,-9.1865,PT-ALM-AB-00341,Almada
20605,38.647,-9.1926,PT-ALM-AB-00346,Almada
20246,38.5843,-9.1705,PT-ALM-AB-00348,Almada
20911,38.599,-9.1784,PT-ALM-AB-00351,Almada
20230,38.5928,-9.1817,PT-ALM-AB-00352,Almada
20417,38.6173,-9.1942,PT-ALM-AB-00353,Almada
20414,38.6209,-9.199,PT-ALM-AB-00355,Almada
20659,38.6462,-9.2167,PT-ALM-AB-00357,Almada
20091,38.6583,-9.1617,PT-ALM-AB-00358,Almada
20197,38.6558,-9.1726,PT-ALM-AB-00359,Almada
20299,38.674,-9.1972,PT-ALM-AB-00360,Almada
20705,38.64048,-9.23065,PT-ALM-AB-00364,Almada
29999,38.64031,-9.23056,PT-ALM-AB-00365,Almada
20735,38.64054,-9.2305,PT-ALM-AB-00366,Almada
20637,38.64061,-9.23031,PT-ALM-AB-00367,Almada
20591,38.64875,-9.18373,PT-ALM-AB-00001,Almada
20614,38.64847,-9.1784,PT-ALM-AB-00002,Almada
20611,38.64622,-9.17513,PT-ALM-AB-00003,Almada
20612,38.64593,-9.17482,PT-ALM-AB-00004,Almada
20915,38.64258,-9.16967,PT-ALM-AB-00005,Almada
20619,38.64245,-9.17432,PT-ALM-AB-00006,Almada
20351,38.64233,-9.20042,PT-ALM-AB-00007,Almada
20422,38.60543,-9.18628,PT-ALM-AB-00008,Almada
20597,38.65415,-9.18303,PT-ALM-AB-00010,Almada
20953,38.65445,-9.18823,PT-ALM-AB-00011,Almada
20621,38.63977,-9.17578,PT-ALM-AB-00012,Almada
20277,38.6717,-9.17567,PT-ALM-AB-00013,Almada
20147,38.636,-9.1764,PT-ALM-AB-00014,Almada
20136,38.64473,-9.17167,PT-ALM-AB-00015,Almada
20595,38.65277,-9.18595,PT-ALM-AB-00016,Almada
20599,38.6549,-9.1783,PT-ALM-AB-00017,Almada
20180,38.60117,-9.18702,PT-ALM-AB-00018,Almada
20682,38.65622,-9.15437,PT-ALM-AB-00019,Almada
20669,38.65107,-9.18965,PT-ALM-AB-00020,Almada
20869,38.6646,-9.15577,PT-ALM-AB-00021,Almada
20867,38.66168,-9.15495,PT-ALM-AB-00022,Almada
20680,38.65892,-9.15443,PT-ALM-AB-00023,Almada
20679,38.65865,-9.15442,PT-ALM-AB-00024,Almada
20512,38.65177,-9.16055,PT-ALM-AB-00026,Almada
20515,38.65303,-9.16567,PT-ALM-AB-00027,Almada
20727,38.64917,-9.16582,PT-ALM-AB-00028,Almada
20725,38.64678,-9.16693,PT-ALM-AB-00029,Almada
20723,38.64525,-9.16882,PT-ALM-AB-00030,Almada
20135,38.64465,-9.17102,PT-ALM-AB-00031,Almada
20195,38.64377,-9.1731,PT-ALM-AB-00032,Almada
20322,38.6462,-9.19935,PT-ALM-AB-00033,Almada
20323,38.6421,-9.20055,PT-ALM-AB-00034,Almada
20529,38.65645,-9.17032,PT-ALM-AB-00035,Almada
20349,38.63887,-9.2016,PT-ALM-AB-00036,Almada
20291,38.67235,-9.17515,PT-ALM-AB-00038,Almada
20607,38.63777,-9.17533,PT-ALM-AB-00039,Almada
20609,38.64062,-9.17552,PT-ALM-AB-00040,Almada
21064,38.67334,-9.17588,PT-ALM-AB-00041,Almada
20336,38.62043,-9.19425,PT-ALM-AB-00042,Almada
20193,38.63542,-9.17673,PT-ALM-AB-00043,Almada
20667,38.65028,-9.1937,PT-ALM-AB-00044,Almada
20665,38.64513,-9.23233,PT-ALM-AB-00045,Almada
20583,38.64742,-9.19813,PT-ALM-AB-00046,Almada
20121,38.65673,-9.17252,PT-ALM-AB-00047,Almada
20327,38.63623,-9.20285,PT-ALM-AB-00048,Almada
20584,38.64718,-9.19837,PT-ALM-AB-00051,Almada
20338,38.61732,-9.19248,PT-ALM-AB-00052,Almada
20342,38.61273,-9.18952,PT-ALM-AB-00053,Almada
20419,38.6076,-9.18693,PT-ALM-AB-00054,Almada
20178,38.60365,-9.18622,PT-ALM-AB-00055,Almada
20344,38.61095,-9.18882,PT-ALM-AB-00056,Almada
20859,38.65502,-9.15503,PT-ALM-AB-00057,Almada
20865,38.6541,-9.15448,PT-ALM-AB-00058,Almada
20179,38.60117,-9.1869,PT-ALM-AB-00059,Almada
20961,38.65055,-9.15978,PT-ALM-AB-00060,Almada
20253,38.66762,-9.1911,PT-ALM-AB-00061,Almada
20672,38.6547,-9.16315,PT-ALM-AB-00063,Almada
20517,38.65507,-9.16657,PT-ALM-AB-00064,Almada
20691,38.65462,-9.15267,PT-ALM-AB-00065,Almada
20687,38.6542,-9.14765,PT-ALM-AB-00066,Almada
20871,38.66748,-9.1572,PT-ALM-AB-00067,Almada
20601,38.65636,-9.17311,PT-ALM-AB-00069,Almada
20355,38.65638,-9.2012,PT-ALM-AB-00070,Almada
20321,38.64618,-9.19948,PT-ALM-AB-00071,Almada
20917,38.6503,-9.1894,PT-ALM-AB-00072,Almada
20145,38.6395,-9.1812,PT-ALM-AB-00073,Almada
20310,38.6645,-9.197,PT-ALM-AB-00074,Almada
20779,38.6455,-9.2075,PT-ALM-AB-00075,Almada
20557,38.6695,-9.2319,PT-ALM-AB-00078,Almada
20657,38.64808,-9.20175,PT-ALM-AB-00079,Almada
20187,38.6306,-9.19552,PT-ALM-AB-00080,Almada
28620,38.65163,-9.16053,PT-ALM-AB-00081,Almada
20511,38.65158,-9.16035,PT-ALM-AB-00082,Almada
20347,38.63368,-9.20205,PT-ALM-AB-00083,Almada
20348,38.63315,-9.2019,PT-ALM-AB-00084,Almada
20185,38.62975,-9.19868,PT-ALM-AB-00085,Almada
20331,38.62802,-9.19725,PT-ALM-AB-00086,Almada
20332,38.62773,-9.19727,PT-ALM-AB-00087,Almada
20334,38.62483,-9.19608,PT-ALM-AB-00088,Almada
20335,38.62067,-9.1942,PT-ALM-AB-00089,Almada
20337,38.61753,-9.19277,PT-ALM-AB-00090,Almada
20341,38.61295,-9.18957,PT-ALM-AB-00092,Almada
20343,38.61113,-9.18872,PT-ALM-AB-00093,Almada
20423,38.60888,-9.18758,PT-ALM-AB-00094,Almada
20153,38.6292,-9.1842,PT-ALM-AB-00095,Almada
20127,38.6499,-9.1729,PT-ALM-AB-00096,Almada
20487,38.5765,-9.1934,PT-ALM-AB-00098,Almada
20272,38.6707,-9.1785,PT-ALM-AB-00099,Almada
20271,38.6707,-9.1782,PT-ALM-AB-00100,Almada
20853,38.66643,-9.15665,PT-ALM-AB-00101,Almada
20855,38.66387,-9.15562,PT-ALM-AB-00102,Almada
20689,38.65543,-9.14952,PT-ALM-AB-00103,Almada
20393,38.66297,-9.2121,PT-ALM-AB-00110,Almada
20849,38.62687,-9.199156,PT-ALM-AB-00111,Almada
20315,38.6626,-9.2033,PT-ALM-AB-00112,Almada
20967,38.6457,-9.2055,PT-ALM-AB-00113,Almada
20001,38.6738,-9.174,PT-ALM-AB-00114,Almada
29001,38.64645,-9.19788,PT-ALM-AB-00116,Almada
29002,38.64675,-9.19798,PT-ALM-AB-00117,Almada
20737,38.64522,-9.23213,PT-ALM-AB-00123,Almada
20707,38.64723,-9.20195,PT-ALM-AB-00127,Almada
20592,38.6486,-9.1836,PT-ALM-AB-00128,Almada
20842,38.6761,-9.2071,PT-ALM-AB-00131,Almada
20652,38.6475,-9.2064,PT-ALM-AB-00133,Almada
70872,38.85425,-9.14472,PT-LOU-AB-00001,Loures
70835,38.85452,-9.14397,PT-LOU-AB-00002,Loures
70020,38.8386,-9.19178,PT-LOU-AB-00003,Loures
71098,38.89538,-9.21625,PT-LOU-AB-00004,Loures
71588,38.90067,-9.18153,PT-LOU-AB-00005,Loures
71109,38.9102,-9.22467,PT-LOU-AB-00006,Loures
71110,38.91014,-9.22482,PT-LOU-AB-00007,Loures
70453,38.82969,-9.16621,PT-LOU-AB-00008,Loures
71095,38.89337,-9.21297,PT-LOU-AB-00010,Loures
71425,38.83979,-9.16242,PT-LOU-AB-00011,Loures
71423,38.83835,-9.16107,PT-LOU-AB-00012,Loures
70381,38.83971,-9.15993,PT-LOU-AB-00013,Loures
70441,38.84057,-9.16103,PT-LOU-AB-00014,Loures
70443,38.84183,-9.16128,PT-LOU-AB-00015,Loures
70300,38.81294,-9.16607,PT-LOU-AB-00016,Loures
70299,38.81294,-9.16605,PT-LOU-AB-00018,Loures
70840,38.85807,-9.13702,PT-LOU-AB-00025,Loures
70753,38.80558,-9.09612,PT-LOU-AB-00026,Loures
70754,38.80526,-9.09628,PT-LOU-AB-00027,Loures
71641,38.8088,-9.095,PT-LOU-AB-00030,Loures
71643,38.81538,-9.09168,PT-LOU-AB-00031,Loures
71635,38.81402,-9.09193,PT-LOU-AB-00032,Loures
70477,38.82693,-9.16929,PT-LOU-AB-00036,Loures
71639,38.8077,-9.09562,PT-LOU-AB-00038,Loures
71627,38.8367,-9.08337,PT-LOU-AB-00039,Loures
70495,38.82554,-9.143,PT-LOU-AB-00047,Loures
70945,38.84523,-9.16245,PT-LOU-AB-00049,Loures
70943,38.846953,-9.162371,PT-LOU-AB-00050,Loures
70493,38.82471,-9.14468,PT-LOU-AB-00054,Loures
71634,38.82267,-9.08918,PT-LOU-AB-00059,Loures
71633,38.82321,-9.08832,PT-LOU-AB-00060,Loures
70740,38.82242,-9.0983,PT-LOU-AB-00061,Loures
70515,38.79096,-9.10383,PT-LOU-AB-00063,Loures
70693,38.79069,-9.10371,PT-LOU-AB-00064,Loures
71242,38.84372,-9.08037,PT-LOU-AB-00065,Loures
71241,38.84377,-9.0802,PT-LOU-AB-00066,Loures
71626,38.8401,-9.08228,PT-LOU-AB-00067,Loures
71625,38.8401,-9.08215,PT-LOU-AB-00068,Loures
70748,38.81343,-9.10043,PT-LOU-AB-00069,Loures
71632,38.83032,-9.0867,PT-LOU-AB-00070,Loures
71631,38.83078,-9.08643,PT-LOU-AB-00071,Loures
71630,38.83373,-9.08512,PT-LOU-AB-00072,Loures
71629,38.83413,-9.08477,PT-LOU-AB-00073,Loures
71628,38.8371,-9.08323,PT-LOU-AB-00074,Loures
70339,38.81098,-9.16023,PT-LOU-AB-00075,Loures
70385,38.83352,-9.15573,PT-LOU-AB-00122,Loures
70875,38.79035,-9.14127,PT-LOU-AB-00153,Loures
71421,38.81505,-9.16196,PT-LOU-AB-00154,Loures
70321,38.81372,-9.16748,PT-LOU-AB-00155,Loures
70331,38.81518,-9.16017,PT-LOU-AB-00156,Loures
70322,38.81366,-9.1674,PT-LOU-AB-00157,Loures
70343,38.81047,-9.16231,PT-LOU-AB-00158,Loures
70296,38.8156,-9.16566,PT-LOU-AB-00159,Loures
70305,38.81266,-9.16327,PT-LOU-AB-00160,Loures
70315,38.812107,-9.162464,PT-LOU-AB-00161,Loures
70319,38.81269,-9.16419,PT-LOU-AB-00162,Loures
70307,38.812044,-9.162389,PT-LOU-AB-00163,Loures
71267,38.81355,-9.15964,PT-LOU-AB-00165,Loures
70338,38.81001,-9.1592,PT-LOU-AB-00166,Loures
70337,38.81002,-9.15915,PT-LOU-AB-00167,Loures
71108,38.90738,-9.22337,PT-LOU-AB-00168,Loures
70167,38.91053,-9.13013,PT-LOU-AB-00170,Loures
70162,38.92082,-9.13968,PT-LOU-AB-00172,Loures
71160,38.85985,-9.13525,PT-LOU-AB-00177,Loures
71159,38.85973,-9.13522,PT-LOU-AB-00178,Loures
70500,38.81795,-9.13581,PT-LOU-AB-00179,Loures
70499,38.81803,-9.13585,PT-LOU-AB-00180,Loures
70342,38.81018,-9.16093,PT-LOU-AB-00181,Loures
70336,38.81086,-9.15763,PT-LOU-AB-00182,Loures
70565,38.81357,-9.15966,PT-LOU-AB-00183,Loures
70563,38.81524,-9.16179,PT-LOU-AB-00184,Loures
70242,38.83749,-9.17342,PT-LOU-AB-00193,Loures
70241,38.83765,-9.17421,PT-LOU-AB-00194,Loures
70239,38.83933,-9.17647,PT-LOU-AB-00195,Loures
70238,38.84245,-9.17805,PT-LOU-AB-00196,Loures
70237,38.84225,-9.17778,PT-LOU-AB-00197,Loures
70236,38.84383,-9.17928,PT-LOU-AB-00198,Loures
70233,38.84736,-9.18074,PT-LOU-AB-00199,Loures
70594,38.78394,-9.10989,PT-LOU-AB-00203,Loures
70383,38.83732,-9.15758,PT-LOU-AB-00204,Loures
70435,38.83357,-9.15558,PT-LOU-AB-00205,Loures
70387,38.83208,-9.15652,PT-LOU-AB-00207,Loures
70437,38.836866,-9.156665,PT-LOU-AB-00222,Loures
110169,38.8125898,-9.2274181,PT-ODV-AB-00008,Odivelas
110515,38.7952148,-9.1827054,PT-ODV-AB-00019,Odivelas
110334,38.7954221,-9.1797265,PT-ODV-AB-00022,Odivelas
110333,38.7956752,-9.1794749,PT-ODV-AB-00023,Odivelas
110843,38.7844935,-9.185405,PT-ODV-AB-00024,Odivelas
110078,38.7890377,-9.1941204,PT-ODV-AB-00028,Odivelas
110179,38.8136185,-9.2125959,PT-ODV-AB-00033,Odivelas
110180,38.8135409,-9.212218,PT-ODV-AB-00034,Odivelas
110197,38.814228,-9.2211018,PT-ODV-AB-00035,Odivelas
110081,38.7842768,-9.1895496,PT-ODV-AB-00037,Odivelas
110575,38.794359,-9.1689137,PT-ODV-AB-00040,Odivelas
110193,38.8087377,-9.2037825,PT-ODV-AB-00041,Odivelas
110183,38.8084677,-9.2036139,PT-ODV-AB-00042,Odivelas
110212,38.8049226,-9.1963958,PT-ODV-AB-00043,Odivelas
110576,38.7944749,-9.1690017,PT-ODV-AB-00044,Odivelas
110037,38.7726909,-9.2120574,PT-ODV-AB-00046,Odivelas
30802,38.7855471,-9.2228081,PT-ODV-AB-00048,Odivelas
110220,38.7975635,-9.1861076,PT-ODV-AB-00052,Odivelas
110217,38.799118,-9.1869928,PT-ODV-AB-00053,Odivelas
110215,38.8029178,-9.1907425,PT-ODV-AB-00055,Odivelas
110229,38.8029348,-9.1903851,PT-ODV-AB-00056,Odivelas
110213,38.8027622,-9.1938678,PT-ODV-AB-00057,Odivelas
110231,38.8027765,-9.1935264,PT-ODV-AB-00058,Odivelas
110833,38.7755425,-9.194343,PT-ODV-AB-00078,Odivelas
110239,38.8192716,-9.2229936,PT-ODV-AB-00080,Odivelas
110177,38.8141139,-9.2145163,PT-ODV-AB-00086,Odivelas
110009,38.8110685,-9.2313272,PT-ODV-AB-00088,Odivelas
110292,38.7897122,-9.1932137,PT-ODV-AB-00089,Odivelas
110003,38.8103581,-9.2337925,PT-ODV-AB-00090,Odivelas
110004,38.8102665,-9.2343045,PT-ODV-AB-00091,Odivelas
110218,38.7994331,-9.1869632,PT-ODV-AB-00098,Odivelas
110067,38.7979738,-9.193522,PT-ODV-AB-00104,Odivelas
110072,38.7966539,-9.194491,PT-ODV-AB-00107,Odivelas
110069,38.7972913,-9.1922684,PT-ODV-AB-00109,Odivelas
110105,38.7845881,-9.190684,PT-ODV-AB-00111,Odivelas
110388,38.796228,-9.1752813,PT-ODV-AB-00114,Odivelas
110542,38.8043128,-9.1644693,PT-ODV-AB-00115,Odivelas
110683,38.7838849,-9.2070957,PT-ODV-AB-00116,Odivelas
110684,38.7840807,-9.2071784,PT-ODV-AB-00117,Odivelas
110107,38.7907383,-9.1947828,PT-ODV-AB-00118,Odivelas
110033,38.778795,-9.2153779,PT-ODV-AB-00119,Odivelas
110031,38.7802627,-9.2163161,PT-ODV-AB-00120,Odivelas
110485,38.8043337,-9.1870605,PT-ODV-AB-00123,Odivelas
110376,38.7997682,-9.1812621,PT-ODV-AB-00124,Odivelas
110375,38.7996298,-9.1811005,PT-ODV-AB-00125,Odivelas
110211,38.8046958,-9.1959667,PT-ODV-AB-00126,Odivelas
110182,38.8103898,-9.2052527,PT-ODV-AB-00127,Odivelas
110663,38.8032769,-9.1581855,PT-ODV-AB-00128,Odivelas
110413,38.7907317,-9.1973606,PT-ODV-AB-00185,Odivelas
110415,38.7909683,-9.2016319,PT-ODV-AB-00186,Odivelas
110443,38.7909877,-9.202336,PT-ODV-AB-00187,Odivelas
110711,38.7908104,-9.2044712,PT-ODV-AB-00188,Odivelas
110675,38.7909006,-9.2040771,PT-ODV-AB-00189,Odivelas
110677,38.7899177,-9.2098222,PT-ODV-AB-00190,Odivelas
110703,38.7782979,-9.2061349,PT-ODV-AB-00191,Odivelas
110687,38.7787009,-9.2064127,PT-ODV-AB-00192,Odivelas
110719,38.7776034,-9.2019475,PT-ODV-AB-00201,Odivelas
110720,38.7776034,-9.2019475,PT-ODV-AB-00202,Odivelas
110323,38.8031961,-9.1835923,PT-ODV-AB-00204,Odivelas
110324,38.8031961,-9.1835923,PT-ODV-AB-00205,Odivelas
110834,38.7752692,-9.1945504,PT-ODV-AB-00206,Odivelas
150223,38.47087,-9.10077,PT-SES-AB-00001,Sesimbra
150056,38.44978,-9.10263,PT-SES-AB-00002,Sesimbra
150059,38.45415,-9.10148,PT-SES-AB-00003,Sesimbra
150065,38.45968,-9.1038,PT-SES-AB-00004,Sesimbra
150070,38.4622,-9.1024,PT-SES-AB-00005,Sesimbra
150076,38.46487,-9.09753,PT-SES-AB-00006,Sesimbra
150075,38.46497,-9.09768,PT-SES-AB-00007,Sesimbra
150153,38.46108,-9.10432,PT-SES-AB-00008,Sesimbra
150222,38.47488,-9.10438,PT-SES-AB-00009,Sesimbra
150229,38.47878,-9.10423,PT-SES-AB-00010,Sesimbra
150231,38.48717,-9.10538,PT-SES-AB-00011,Sesimbra
150226,38.4666,-9.0999,PT-SES-AB-00012,Sesimbra
150219,38.47902,-9.10432,PT-SES-AB-00013,Sesimbra
150221,38.4748,-9.10442,PT-SES-AB-00014,Sesimbra
150215,38.48788,-9.1056,PT-SES-AB-00015,Sesimbra
150589,38.5589,-9.05203,PT-SES-AB-00016,Sesimbra
150026,38.56408,-9.05208,PT-SES-AB-00017,Sesimbra
150525,38.56712,-9.0516,PT-SES-AB-00018,Sesimbra
150022,38.5686,-9.04653,PT-SES-AB-00019,Sesimbra
150020,38.57005,-9.04265,PT-SES-AB-00020,Sesimbra
150529,38.56507,-9.03737,PT-SES-AB-00021,Sesimbra
150006,38.56012,-9.03565,PT-SES-AB-00022,Sesimbra
150005,38.55967,-9.0356,PT-SES-AB-00023,Sesimbra
150007,38.56697,-9.03657,PT-SES-AB-00024,Sesimbra
150003,38.5661,-9.03645,PT-SES-AB-00025,Sesimbra
150009,38.5732,-9.03758,PT-SES-AB-00026,Sesimbra
150001,38.57273,-9.03752,PT-SES-AB-00028,Sesimbra
150449,38.4473,-9.1029,PT-SES-AB-00030,Sesimbra
150445,38.4496,-9.1043,PT-SES-AB-00031,Sesimbra
150067,38.462245,-9.1024471,PT-SES-AB-00032,Sesimbra
150118,38.4743,-9.1555,PT-SES-AB-00033,Sesimbra
150195,38.4493,-9.1282,PT-SES-AB-00034,Sesimbra
150198,38.4507,-9.1234,PT-SES-AB-00035,Sesimbra
150199,38.4532,-9.1204,PT-SES-AB-00036,Sesimbra
150201,38.4546,-9.1179,PT-SES-AB-00037,Sesimbra
150203,38.4562,-9.1159,PT-SES-AB-00038,Sesimbra
150047,38.5544,-9.052,PT-SES-AB-00040,Sesimbra
150551,38.5658,-9.0403,PT-SES-AB-00041,Sesimbra
150492,38.5553,-9.0421,PT-SES-AB-00042,Sesimbra
150066,38.45963,-9.10358,PT-SES-AB-00043,Sesimbra
150453,38.4442,-9.10029,PT-SES-AB-00044,Sesimbra
160227,38.5227,-8.87418,PT-SET-AB-00001,Setúbal
160229,38.52202,-8.87245,PT-SET-AB-00002,Setúbal
160528,38.54635,-8.88467,PT-SET-AB-00003,Setúbal
160523,38.529,-8.89782,PT-SET-AB-00004,Setúbal
160101,38.52276,-8.89272,PT-SET-AB-00005,Setúbal
160527,38.54608,-8.88475,PT-SET-AB-00006,Setúbal
160135,38.52355,-8.8931,PT-SET-AB-00007,Setúbal
160853,38.53555,-8.86187,PT-SET-AB-00008,Setúbal
130469,38.55082,-8.88617,PT-SET-AB-00009,Setúbal
160531,38.52505,-8.89453,PT-SET-AB-00010,Setúbal
160072,38.52247,-8.85203,PT-SET-AB-00011,Setúbal
160419,38.5424,-8.88287,PT-SET-AB-00012,Setúbal
160851,38.53535,-8.86303,PT-SET-AB-00013,Setúbal
160397,38.53763,-8.85487,PT-SET-AB-00014,Setúbal
160415,38.5376,-8.84838,PT-SET-AB-00015,Setúbal
160398,38.53752,-8.85458,PT-SET-AB-00016,Setúbal
160321,38.52162,-8.82197,PT-SET-AB-00017,Setúbal
160702,38.51692,-8.83803,PT-SET-AB-00018,Setúbal
160703,38.51288,-8.84388,PT-SET-AB-00019,Setúbal
160772,38.5371,-8.98718,PT-SET-AB-00020,Setúbal
160656,38.54938,-8.81198,PT-SET-AB-00021,Setúbal
160847,38.56847,-8.76392,PT-SET-AB-00022,Setúbal
160653,38.5524,-8.80787,PT-SET-AB-00023,Setúbal
160771,38.53703,-8.98743,PT-SET-AB-00024,Setúbal
130641,38.5552,-8.80272,PT-SET-AB-00025,Setúbal
160774,38.53277,-8.98893,PT-SET-AB-00026,Setúbal
160841,38.55122,-8.8859,PT-SET-AB-00027,Setúbal
160389,38.53932,-8.83777,PT-SET-AB-00028,Setúbal
160390,38.53922,-8.8376,PT-SET-AB-00029,Setúbal
160779,38.52533,-8.99768,PT-SET-AB-00030,Setúbal
160047,38.52315,-8.84703,PT-SET-AB-00031,Setúbal
160775,38.52983,-8.99182,PT-SET-AB-00032,Setúbal
160325,38.52453,-8.82987,PT-SET-AB-00033,Setúbal
160324,38.52055,-8.82595,PT-SET-AB-00034,Setúbal
160769,38.54747,-8.98328,PT-SET-AB-00035,Setúbal
160658,38.54602,-8.81785,PT-SET-AB-00036,Setúbal
160655,38.54942,-8.81225,PT-SET-AB-00037,Setúbal
160601,38.52597,-8.99707,PT-SET-AB-00038,Setúbal
160770,38.54702,-8.9832,PT-SET-AB-00039,Setúbal
160001,38.56662,-8.77372,PT-SET-AB-00040,Setúbal
160053,38.52282,-8.85597,PT-SET-AB-00041,Setúbal
160054,38.52305,-8.8557,PT-SET-AB-00042,Setúbal
160328,38.4897,-8.9341,PT-SET-AB-00044,Setúbal
160043,38.52352,-8.8393,PT-SET-AB-00045,Setúbal
160189,38.53972,-8.86825,PT-SET-AB-00046,Setúbal
160407,38.52185,-8.90063,PT-SET-AB-00047,Setúbal
160353,38.52088,-8.90227,PT-SET-AB-00048,Setúbal
160347,38.52123,-8.90092,PT-SET-AB-00049,Setúbal
160159,38.52268,-8.89733,PT-SET-AB-00050,Setúbal
160163,38.52273,-8.88728,PT-SET-AB-00051,Setúbal
160118,38.53062,-8.88719,PT-SET-AB-00052,Setúbal
160117,38.5308,-8.88707,PT-SET-AB-00053,Setúbal
160109,38.52907,-8.89218,PT-SET-AB-00055,Setúbal
160223,38.5273,-8.89027,PT-SET-AB-00056,Setúbal
160137,38.52539,-8.89191,PT-SET-AB-00057,Setúbal
160103,38.52324,-8.8895,PT-SET-AB-00060,Setúbal
160225,38.52345,-8.89538,PT-SET-AB-00061,Setúbal
160351,38.52293,-8.89872,PT-SET-AB-00062,Setúbal
160105,38.52515,-8.89412,PT-SET-AB-00063,Setúbal
160099,38.52562,-8.89428,PT-SET-AB-00064,Setúbal
160097,38.52757,-8.89307,PT-SET-AB-00065,Setúbal
160089,38.53372,-8.89317,PT-SET-AB-00066,Setúbal
160087,38.53543,-8.89375,PT-SET-AB-00067,Setúbal
160123,38.52763,-8.89017,PT-SET-AB-00068,Setúbal
160161,38.522946,-8.894974,PT-SET-AB-00069,Setúbal
160139,38.52545,-8.88928,PT-SET-AB-00071,Setúbal
160557,38.52787,-8.98643,PT-SET-AB-00077,Setúbal
160561,38.52412,-8.99407,PT-SET-AB-00078,Setúbal
160564,38.52402,-8.9975,PT-SET-AB-00079,Setúbal
160778,38.52205,-9.00653,PT-SET-AB-00080,Setúbal
160242,38.5323,-8.86517,PT-SET-AB-00082,Setúbal
160562,38.52422,-8.99365,PT-SET-AB-00083,Setúbal
160604,38.52812,-8.98548,PT-SET-AB-00084,Setúbal
160555,38.51775,-8.98123,PT-SET-AB-00085,Setúbal
160547,38.52458,-8.94643,PT-SET-AB-00086,Setúbal
160546,38.52558,-8.93647,PT-SET-AB-00087,Setúbal
160544,38.52805,-8.92657,PT-SET-AB-00088,Setúbal
160542,38.52975,-8.92233,PT-SET-AB-00089,Setúbal
160540,38.53138,-8.91743,PT-SET-AB-00090,Setúbal
160534,38.53332,-8.90193,PT-SET-AB-00091,Setúbal
160433,38.52572,-8.89865,PT-SET-AB-00092,Setúbal
160020,38.52345,-8.86789,PT-SET-AB-00093,Setúbal
160967,38.53923,-8.89109,PT-SET-AB-00094,Setúbal
160085,38.53738,-8.89247,PT-SET-AB-00095,Setúbal
160079,38.53952,-8.8951,PT-SET-AB-00096,Setúbal
160470,38.523,-8.88162,PT-SET-AB-00097,Setúbal
160426,38.53872,-8.88513,PT-SET-AB-00098,Setúbal
160256,38.52692,-8.90028,PT-SET-AB-00099,Setúbal
160455,38.541,-8.88538,PT-SET-AB-00100,Setúbal
160148,38.539912,-8.876712,PT-SET-AB-00101,Setúbal
160093,38.53142,-8.88982,PT-SET-AB-00102,Setúbal
160065,38.52842,-8.88263,PT-SET-AB-00103,Setúbal
160028,38.53007,-8.87757,PT-SET-AB-00104,Setúbal
160275,38.53147,-8.87533,PT-SET-AB-00105,Setúbal
160219,38.53405,-8.86903,PT-SET-AB-00106,Setúbal
160690,38.53638,-8.87075,PT-SET-AB-00107,Setúbal
160186,38.53888,-8.86665,PT-SET-AB-00108,Setúbal
160404,38.53262,-8.864,PT-SET-AB-00109,Setúbal
160218,38.53333,-8.86703,PT-SET-AB-00110,Setúbal
160405,38.53288,-8.86872,PT-SET-AB-00111,Setúbal
160194,38.53117,-8.8688,PT-SET-AB-00112,Setúbal
160023,38.5302,-8.87167,PT-SET-AB-00113,Setúbal
160037,38.52557,-8.87087,PT-SET-AB-00114,Setúbal
160069,38.52488,-8.86563,PT-SET-AB-00115,Setúbal
160055,38.52353,-8.86312,PT-SET-AB-00116,Setúbal
160177,38.52438,-8.86432,PT-SET-AB-00117,Setúbal
160057,38.52558,-8.8665,PT-SET-AB-00118,Setúbal
160211,38.52498,-8.87908,PT-SET-AB-00119,Setúbal
160063,38.5249,-8.88398,PT-SET-AB-00120,Setúbal
160213,38.52835,-8.88703,PT-SET-AB-00121,Setúbal
160111,38.532585,-8.889066,PT-SET-AB-00122,Setúbal
160461,38.5248,-8.9061,PT-SET-AB-00123,Setúbal
160261,38.5258,-8.90777,PT-SET-AB-00124,Setúbal
160259,38.52513,-8.90533,PT-SET-AB-00125,Setúbal
160745,38.52178,-8.88457,PT-SET-AB-00126,Setúbal
160077,38.54103,-8.8955,PT-SET-AB-00127,Setúbal
160082,38.53848,-8.8936,PT-SET-AB-00128,Setúbal
160092,38.5329,-8.89003,PT-SET-AB-00129,Setúbal
160095,38.52968,-8.8862,PT-SET-AB-00130,Setúbal
160141,38.52797,-8.88657,PT-SET-AB-00131,Setúbal
160149,38.53842,-8.87852,PT-SET-AB-00132,Setúbal
160151,38.53798,-8.88138,PT-SET-AB-00133,Setúbal
160031,38.5298,-8.88112,PT-SET-AB-00135,Setúbal
160222,38.52798,-8.87518,PT-SET-AB-00136,Setúbal
160025,38.53015,-8.8739,PT-SET-AB-00137,Setúbal
160035,38.52575,-8.87128,PT-SET-AB-00138,Setúbal
160179,38.52585,-8.86843,PT-SET-AB-00139,Setúbal
160059,38.52518,-8.87653,PT-SET-AB-00140,Setúbal
160060,38.52515,-8.87617,PT-SET-AB-00141,Setúbal
160062,38.52483,-8.88118,PT-SET-AB-00142,Setúbal
160027,38.5301,-8.878,PT-SET-AB-00144,Setúbal
160029,38.52895,-8.88255,PT-SET-AB-00145,Setúbal
160747,38.5191,-9.0133,PT-SET-AB-00147,Setúbal
160786,38.52595,-9.01808,PT-SET-AB-00149,Setúbal
160803,38.53113,-9.02107,PT-SET-AB-00150,Setúbal
160758,38.5362,-9.02403,PT-SET-AB-00151,Setúbal
160805,38.53985,-9.02613,PT-SET-AB-00152,Setúbal
160807,38.54435,-9.02878,PT-SET-AB-00153,Setúbal
160938,38.55388,-9.03437,PT-SET-AB-00154,Setúbal
160536,38.5326,-8.91012,PT-SET-AB-00155,Setúbal
160783,38.53002,-9.0206,PT-SET-AB-00156,Setúbal
160781,38.53877,-9.0257,PT-SET-AB-00157,Setúbal
160757,38.53577,-9.02395,PT-SET-AB-00158,Setúbal
160785,38.52548,-9.01797,PT-SET-AB-00160,Setúbal
160979,38.52183,-9.01585,PT-SET-AB-00161,Setúbal
160230,38.52215,-8.87223,PT-SET-AB-00162,Setúbal
160629,38.5343,-8.8968,PT-SET-AB-00163,Setúbal
160191,38.53874,-8.86694,PT-SET-AB-00164,Setúbal
160456,38.54108,-8.88528,PT-SET-AB-00165,Setúbal
160765,38.5506,-8.9948,PT-SET-AB-00167,Setúbal
160585,38.5455,-9.0167,PT-SET-AB-00168,Setúbal
160753,38.5126,-9.0232,PT-SET-AB-00169,Setúbal
160955,38.499,-9.0486,PT-SET-AB-00170,Setúbal
160756,38.5104,-9.0292,PT-SET-AB-00171,Setúbal
160754,38.5127,-9.0227,PT-SET-AB-00172,Setúbal
160437,38.5286,-8.903,PT-SET-AB-00173,Setúbal
160257,38.526,-8.9021,PT-SET-AB-00174,Setúbal
160427,38.5338,-8.8777,PT-SET-AB-00175,Setúbal
160693,38.5162,-8.8263,PT-SET-AB-00176,Setúbal
160691,38.5183,-8.8257,PT-SET-AB-00177,Setúbal
160320,38.5222,-8.8183,PT-SET-AB-00178,Setúbal
160607,38.53242,-8.90895,PT-SET-AB-00179,Setúbal
160241,38.5323,-8.8654,PT-SET-AB-00180,Setúbal
160289,38.5451,-8.856,PT-SET-AB-00181,Setúbal
160145,38.5411,-8.8745,PT-SET-AB-00182,Setúbal
160623,38.5277,-8.8695,PT-SET-AB-00183,Setúbal
160209,38.526,-8.8619,PT-SET-AB-00184,Setúbal
160050,38.5207,-8.8481,PT-SET-AB-00185,Setúbal
160045,38.524,-8.8449,PT-SET-AB-00186,Setúbal
160051,38.5227,-8.8511,PT-SET-AB-00187,Setúbal
160234,38.5212,-8.8625,PT-SET-AB-00188,Setúbal
160293,38.5452,-8.8561,PT-SET-AB-00189,Setúbal
160956,38.4987,-9.0484,PT-SET-AB-00190,Setúbal
160684,38.5264,-8.8117,PT-SET-AB-00192,Setúbal
160371,38.5412,-8.8541,PT-SET-AB-00193,Setúbal
160375,38.5417,-8.8773,PT-SET-AB-00194,Setúbal
160761,38.5465,-9.0056,PT-SET-AB-00195,Setúbal
160617,38.5261,-8.8627,PT-SET-AB-00196,Setúbal
160567,38.5359,-9.0075,PT-SET-AB-00197,Setúbal
160044,38.5237,-8.8394,PT-SET-AB-00198,Setúbal
160708,38.5153,-8.8661,PT-SET-AB-00202,Setúbal
161001,38.539748,-8.888124,,
161002,38.539726,-8.887998,,
161003,38.539703,-8.887871,,
161004,38.539680,-8.887745,,
161005,38.539657,-8.887619,,
161006,38.539654,-8.887509,,
60011,38.767550,-9.100513,,
100040,38.703604,-8.949764,,
100039,38.703406,-8.949809,,
130464,38.564268,-8.888004,,
160147,38.539687,-8.876773,,
130182,38.601684,-8.803720,,
130547,38.623862,-8.869485,,
130549,38.621403,-8.869930,,
130256,38.629487,-8.738506,,
130143,38.680972,-8.732615,,
130378,38.628744,-8.912475,,
60458,38.742509,-9.166170,,
60019,38.708474,-9.173969,,
130019,38.577089,-8.896112,,
130803,38.570312,-8.905312,,
160961,38.526054,-8.891183,,
130414,38.619933,-8.895771,,
130418,38.614432,-8.883929,,
130555,38.612625,-8.879059,,
130553,38.611349,-8.871809,,
130551,38.614087,-8.871305,,
130546,38.623197,-8.864547,,
130537,38.622039,-8.856421,,
130539,38.625330,-8.856484,,
130542,38.630008,-8.856508,,
130535,38.617240,-8.856321,,
130528,38.605135,-8.833528,,
130525,38.603772,-8.821800,,
130186,38.602954,-8.814824,,
130184,38.602581,-8.811401,,
130178,38.602582,-8.788573,,
130175,38.605546,-8.781792,,
130173,38.607810,-8.776358,,
130171,38.611020,-8.768771,,
130167,38.613786,-8.762237,,
130165,38.616655,-8.755373,,
130159,38.634198,-8.742030,,
130275,38.638849,-8.742297,,
130155,38.648141,-8.744579,,
130153,38.656481,-8.741076,,
130515,38.664827,-8.756603,,
130517,38.666293,-8.764653,,
130519,38.662825,-8.767504,,
130149,38.666108,-8.737298,,
130147,38.671173,-8.735641,,
130145,38.675741,-8.734225,,
130483,38.700284,-8.723769,,
130487,38.710074,-8.717126,,
130493,38.718605,-8.726112,,
130496,38.722542,-8.735401,,
130511,38.720147,-8.743593,,
130510,38.704261,-8.754040,,
130499,38.693978,-8.769193,,
100393,38.691586,-8.755502,,
130497,38.691941,-8.756401,,
100391,38.690109,-8.746303,,
100392,38.690349,-8.746421,,
130482,38.687433,-8.728172,,
90308,38.646674,-8.991135,,
130684,38.599261,-9.004530,,
100367,38.683335,-8.614046,,
100370,38.683671,-8.618345,,
100369,38.683487,-8.618798,,
100372,38.684382,-8.624079,,
100371,38.684335,-8.624705,,
100375,38.689182,-8.650616,,
100376,38.689382,-8.650986,,
100377,38.688144,-8.658241,,
100378,38.688007,-8.658077,,
100439,38.680046,-8.576731,,
100441,38.679118,-8.569943,,
100442,38.679293,-8.570204,,
160967,38.539166,-8.891086,,
50231,38.724154,-9.424938,,
50232,38.723968,-9.425088,,
50228,38.721951,-9.424667,,
50241,38.717202,-9.424040,,
50221,38.715774,-9.424029,,
50222,38.715740,-9.424187,,
50218,38.712148,-9.423902,,
50216,38.711127,-9.422462,,
50243,38.708277,-9.421911,,
50209,38.705941,-9.417940,,
50249,38.702072,-9.420999,,
50317,38.700277,-9.425690,,
50251,38.700980,-9.425793,,
50253,38.702659,-9.427834,,
50255,38.703851,-9.429239,,
50315,38.701344,-9.429666,,
50313,38.702690,-9.430881,,
50311,38.704209,-9.431131,,
50262,38.709646,-9.435606,,
50263,38.710850,-9.436485,,
50309,38.711594,-9.437329,,
50307,38.716470,-9.439976,,
50267,38.716644,-9.440004,,
50269,38.718673,-9.441229,,
50330,38.722880,-9.417214,,
50381,38.705063,-9.408324,,
50377,38.706696,-9.404489,,
50379,38.705894,-9.406877,,
50384,38.709735,-9.410125,,
50383,38.709860,-9.409982,,
50397,38.715220,-9.409307,,
50335,38.722977,-9.411073,,
50336,38.722447,-9.411262,,
50329,38.722970,-9.416991,,
50345,38.719348,-9.418227,,
50347,38.717311,-9.418188,,
50325,38.714066,-9.417574,,
50326,38.713645,-9.417737,,
50324,38.710339,-9.418135,,
50323,38.710465,-9.417818,,
50322,38.708203,-9.418132,,
50359,38.703404,-9.398233,,
50409,38.704183,-9.399171,,
50407,38.708090,-9.397053,,
50361,38.705551,-9.395295,,
50369,38.714451,-9.390464,,
50415,38.718499,-9.394111,,
50417,38.717040,-9.394322,,
50405,38.713212,-9.394770,,
50371,38.712999,-9.395910,,
50375,38.708260,-9.400873,,
50376,38.708204,-9.400734,,
50411,38.712605,-9.393559,,
50046,38.691818,-9.359241,,
50047,38.690400,-9.356268,,
50051,38.690414,-9.351763,,
50040,38.692276,-9.354057,,
50471,38.694440,-9.355098,,
50491,38.697776,-9.356905,,
50492,38.699084,-9.358474,,
50482,38.698973,-9.358471,,
50481,38.700158,-9.360166,,
50479,38.702973,-9.363848,,
50478,38.702896,-9.361860,,
50477,38.703938,-9.359495,,
50515,38.702262,-9.355123,,
50472,38.702317,-9.354918,,
50516,38.703995,-9.355436,,
50476,38.705818,-9.355286,,
50497,38.706325,-9.355024,,
50503,38.708746,-9.353893,,
50498,38.708387,-9.353787,,
50475,38.707901,-9.353245,,
50502,38.710262,-9.353477,,
50501,38.712049,-9.354713,,
50436,38.713391,-9.357514,,
50440,38.713178,-9.356874,,
50437,38.713414,-9.361260,,
50438,38.713428,-9.363040,,
50506,38.723184,-9.351843,,
50461,38.722317,-9.350610,,
50460,38.722436,-9.350548,,
171335,38.798280,-9.465710,,
120731,38.691720,-9.314050,,
120783,38.693472,-9.313673,,
120781,38.695643,-9.312026,,
121112,38.697791,-9.311384,,
121111,38.697664,-9.311361,,
121113,38.697411,-9.309616,,
121114,38.697380,-9.309347,,
121115,38.698126,-9.306712,,
121116,38.698194,-9.306869,,
120750,38.697563,-9.305221,,
120749,38.697464,-9.305153,,
120747,38.697254,-9.306189,,
50203,38.737627,-9.395442,,
50197,38.737747,-9.394915,,
100115,38.702580,-8.953529,,
140472,38.552729,-9.094353,,
140810,38.557148,-9.061373,,
121159,38.700091,-9.252176,,
120125,38.703416,-9.256710,,
120129,38.701008,-9.249745,,
120136,38.700667,-9.244403,,
120053,38.715897,-9.244835,,
120055,38.714164,-9.244559,,
120057,38.712738,-9.245883,,
120058,38.713110,-9.245274,,
120059,38.711291,-9.246191,,
120060,38.711436,-9.246127,,
120061,38.710001,-9.245391,,
120062,38.709834,-9.245140,,
120063,38.707984,-9.244645,,
120064,38.708040,-9.244525,,
120091,38.715054,-9.244524,,
120151,38.709122,-9.244315,,
120152,38.709030,-9.244100,,
120157,38.710478,-9.242872,,
120158,38.711082,-9.242971,,
120273,38.709458,-9.243273,,
120321,38.709638,-9.242775,,
140560,38.610383,-9.093614,,
140341,38.610768,-9.093464,,
140327,38.610952,-9.093717,,
140559,38.610257,-9.093745,,
140575,38.643469,-9.098237,,
140141,38.643236,-9.099132,,
140247,38.643369,-9.099191,,
60069,38.760645,-9.194608,,
60063,38.760313,-9.193901,,
60057,38.761297,-9.197274,,
60077,38.762385,-9.197155,,
60355,38.762611,-9.197121,,
60357,38.762863,-9.197076,,
60447,38.761702,-9.197067,,
60062,38.762142,-9.197200,,
170851,38.755674,-9.265902,,
170921,38.755607,-9.265726,,
170901,38.755560,-9.265920,,
170929,38.755815,-9.265758,,
172105,38.755645,-9.266021,,
172185,38.755576,-9.265855,,
172537,38.755753,-9.266011,,
172195,38.755784,-9.265884,,
172197,38.755703,-9.266211,,
172199,38.755591,-9.265790,,
172478,38.755731,-9.265666,,
172480,38.755702,-9.265784,,
172491,38.755728,-9.266111,,
170457,38.766603,-9.298414,,
170653,38.765858,-9.298099,,
172486,38.766975,-9.298571,,
172487,38.766106,-9.298204,,
172488,38.766355,-9.298309,,
172489,38.765982,-9.298151,,
172490,38.766479,-9.298361,,
172498,38.766231,-9.298256,,
172526,38.766852,-9.298518,,
172600,38.765734,-9.298046,,
172532,38.766727,-9.298466,,
172552,38.766342,-9.298054,,
172555,38.766559,-9.298029,,
170095,38.797592,-9.341122,,
170197,38.797586,-9.342747,,
172628,38.797510,-9.341345,,
170073,38.783924,-9.321860,,
170169,38.785013,-9.322378,,
172492,38.783679,-9.321989,,
172493,38.784032,-9.321801,,
172601,38.783821,-9.321913,,
170907,38.752376,-9.282437,,
172477,38.759465,-9.257231,,
172536,38.759360,-9.257234,,
60033,38.725878,-9.151315,,
60123,38.725820,-9.151457,,
60143,38.725707,-9.151714,,
60149,38.725614,-9.152188,,
60405,38.725638,-9.152677,,
60462,38.725768,-9.151555,,
140535,38.601697,-9.062229,,
140139,38.609954,-9.101011,,
171267,38.860770,-9.332840,,
20071,38.668000,-9.164574,,
20073,38.666696,-9.179479,,
140723,38.645208,-9.147021,,
140724,38.645347,-9.147140,,
140755,38.644763,-9.146708,,
10142,38.753284,-8.956831,,
100088,38.708765,-8.983498,,
40011,38.652088,-9.072265,,
150381,38.470838,-9.105484,,
140039,38.609759,-9.100680,,
140152,38.632330,-9.117659,,
20096,38.660939,-9.163335,,
20089,38.656751,-9.162570,,
120065,38.705979,-9.242707,,
120066,38.705772,-9.241997,,
120069,38.705379,-9.240269,,
120070,38.705292,-9.240430,,
120072,38.702699,-9.240005,,
120077,38.699195,-9.237565,,
120078,38.699252,-9.237400,,
120271,38.708107,-9.240848,,
120272,38.708102,-9.241007,,
120083,38.699518,-9.232077,,
120263,38.699776,-9.231540,,
120267,38.701482,-9.236453,,
120268,38.701729,-9.236947,,
120269,38.705980,-9.238695,,
120323,38.705134,-9.238704,,
60023,38.732233,-9.164504,,
60401,38.732278,-9.164879,,
160787,38.522180,-9.016119,,
160897,38.521302,-9.008473,,
160773,38.532270,-8.989222,,
150564,38.551490,-9.100133,,
60004,38.754277,-9.197862,,
60005,38.773016,-9.105138,,
60006,38.751244,-9.197940,,
60012,38.753289,-9.196316,,
60017,38.736231,-9.160761,,
60018,38.736102,-9.160213,,
60019,38.708474,-9.173969,,
60023,38.732233,-9.164504,,
60025,38.737230,-9.163436,,
60027,38.723855,-9.160573,,
60029,38.727651,-9.160680,,
60033,38.725878,-9.151315,,
60035,38.725117,-9.155267,,
60037,38.724437,-9.160764,,
60043,38.752015,-9.205174,,
60044,38.752042,-9.205484,,
60047,38.749613,-9.191319,,
60049,38.750247,-9.195982,,
60051,38.750660,-9.201458,,
60053,38.749741,-9.194285,,
60055,38.748636,-9.191161,,
60057,38.761297,-9.197274,,
60062,38.762142,-9.197200,,
60063,38.760313,-9.193901,,
60065,38.759502,-9.192653,,
60069,38.760645,-9.194608,,
60071,38.761927,-9.197187,,
60077,38.762385,-9.197155,,
60079,38.709804,-9.214973,,
60081,38.717434,-9.209536,,
60082,38.717526,-9.209877,,
60089,38.708943,-9.214369,,
60091,38.709544,-9.208470,,
60092,38.709681,-9.208301,,
60093,38.705647,-9.205105,,
60094,38.705916,-9.205038,,
60095,38.703904,-9.206560,,
60096,38.703989,-9.206349,,
60097,38.699815,-9.205920,,
60098,38.699883,-9.205744,,
60099,38.697323,-9.203482,,
60101,38.696974,-9.199598,,
60103,38.697814,-9.204488,,
60105,38.709168,-9.214255,,
60107,38.697138,-9.199638,,
60109,38.699834,-9.214295,,
60115,38.702603,-9.217412,,
60117,38.703193,-9.217223,,
60119,38.699613,-9.213678,,
60123,38.725820,-9.151457,,
60141,38.709724,-9.215453,,
60143,38.725707,-9.151714,,
60149,38.725614,-9.152188,,
60153,38.781576,-9.120633,,
60157,38.766345,-9.157478,,
60159,38.772914,-9.161157,,
60163,38.783676,-9.163546,,
60166,38.778579,-9.164303,,
60167,38.772695,-9.161244,,
60169,38.765563,-9.157433,,
60173,38.782005,-9.162811,,
60175,38.787600,-9.159134,,
60177,38.790591,-9.157352,,
60178,38.790900,-9.157288,,
60180,38.793083,-9.155528,,
60181,38.793351,-9.153156,,
60183,38.788134,-9.158568,,
60185,38.785808,-9.159816,,
60187,38.782234,-9.162902,,
60189,38.793543,-9.097811,,
60197,38.780605,-9.096552,,
60198,38.780668,-9.096369,,
60199,38.778762,-9.095216,,
60200,38.778719,-9.095417,,
60201,38.776131,-9.094960,,
60202,38.776044,-9.095164,,
60203,38.774385,-9.097502,,
60209,38.771537,-9.097323,,
60211,38.774416,-9.097089,,
60221,38.774714,-9.102810,,
60223,38.774712,-9.103076,,
60227,38.778085,-9.164225,,
60231,38.787177,-9.142538,,
60233,38.783655,-9.142564,,
60234,38.783380,-9.142635,,
60235,38.779083,-9.144814,,
60236,38.779168,-9.144593,,
60237,38.774605,-9.147446,,
60238,38.774805,-9.147331,,
60239,38.774258,-9.152019,,
60240,38.774423,-9.152122,,
60241,38.774324,-9.159465,,
60243,38.774025,-9.160424,,
60245,38.787892,-9.145515,,
60246,38.788072,-9.145642,,
60247,38.787579,-9.148373,,
60248,38.787240,-9.149111,,
60249,38.790391,-9.150627,,
60257,38.790624,-9.150751,,
60263,38.782395,-9.126026,,
60265,38.780424,-9.125467,,
60267,38.777426,-9.126748,,
60268,38.777288,-9.126899,,
60269,38.774514,-9.125963,,
60270,38.774422,-9.126128,,
60275,38.762191,-9.130297,,
60277,38.759932,-9.135522,,
60279,38.758131,-9.141659,,
60282,38.756451,-9.146885,,
60283,38.755760,-9.151479,,
60287,38.757921,-9.155490,,
60289,38.755122,-9.150408,,
60291,38.756926,-9.144778,,
60293,38.758378,-9.140201,,
60295,38.767837,-9.128603,,
60297,38.779677,-9.125925,,
60307,38.769846,-9.126722,,
60309,38.782282,-9.125539,,
60333,38.774260,-9.106214,,
60355,38.762611,-9.197121,,
60357,38.762863,-9.197076,,
60381,38.697445,-9.188030,,
60382,38.697771,-9.186956,,
60384,38.696222,-9.198352,,
60387,38.712895,-9.175334,,
60389,38.719345,-9.174772,,
60391,38.752592,-9.159364,,
60393,38.751402,-9.159216,,
60395,38.718693,-9.175046,,
60397,38.710188,-9.174421,,
60399,38.729990,-9.165973,,
60401,38.732278,-9.164879,,
60403,38.730003,-9.168238,,
60405,38.725638,-9.152677,,
60409,38.708228,-9.173986,,
60411,38.703471,-9.167056,,
60413,38.703619,-9.162760,,
60415,38.706189,-9.155753,,
60417,38.706408,-9.149105,,
60418,38.706304,-9.148549,,
60419,38.705839,-9.143122,,
60423,38.703536,-9.167717,,
60427,38.756289,-9.203778,,
60435,38.756444,-9.204273,,
60441,38.755401,-9.192342,,
60443,38.752833,-9.196850,,
60445,38.751461,-9.197455,,
60447,38.761702,-9.197067,,
60449,38.722969,-9.166909,,
60450,38.723324,-9.166410,,
60451,38.706240,-9.145047,,
60452,38.706350,-9.145328,,
60453,38.741962,-9.167221,,
60454,38.742059,-9.167037,,
60456,38.742253,-9.166661,,
60458,38.742509,-9.166170,,
60462,38.725768,-9.151555,,
61205,38.782645,-9.125235,,
61206,38.743838,-9.133906,,
61208,38.761993,-9.129473,,
61209,38.743579,-9.133782,,
61210,38.761466,-9.129873,,
61214,38.742434,-9.140431,,
61215,38.742212,-9.140380,,
61216,38.741788,-9.144504,,
61217,38.741211,-9.148236,,
61218,38.741118,-9.147295,,
61219,38.739912,-9.151454,,
61220,38.739750,-9.151237,,
61221,38.753846,-9.130614,,
61222,38.752585,-9.130439,,
62001,38.706228,-9.155995,,
60425,38.757708,-9.205164,,
60426,38.757408,-9.204483,,