id,tripId,scheduleRelationship,routeId,directionId,latitude,longitude,currentStopSequence,currentStatus,timestamp,stopId,id,licensePlate
2720_760,33863_2Z760_1_7_v_32_171_ASC,0,171,0,38.71617889404297,-9.136630058288574,7,2,1691159074,809,2720,92-XQ-28
2725_727,33902_12Z727_1_7_v_7_103_DESC,0,103,1,38.733978271484375,-9.163649559020996,26,2,1691159068,6125,2725,92-XQ-30
2654_727,33903_13Z727_1_7_v_7_103_DESC,0,103,1,38.70661163330078,-9.174249649047852,18,2,1691159065,12111,2654,05-VZ-69
2721_727,33904_14Z727_1_7_v_5_103_DESC,0,103,1,38.69742965698242,-9.204500198364258,11,2,1691159069,9601,2721,92-XQ-37
2762_727,33906_16Z727_1_7_v_8_103_DESC,0,103,1,38.70940017700195,-9.210610389709473,3,2,1691159048,12405,2762,AH-38-ND
2758_727,33900_10Z727_1_7_v_7_103_DESC,0,103,1,38.73435974121094,-9.163399696350098,26,2,1691159072,6125,2758,AH-36-ND
2653_727,33898_8Z727_1_7_v_7_103_DESC,0,103,1,38.73807907104492,-9.155050277709961,28,2,1691159069,1504,2653,05-VZ-52
1775_717,33595_9Z717_1_7_v_10_170_DESC,0,170,1,38.7772102355957,-9.147529602050781,16,2,1691159056,6015,1775,53-HX-08
1780_717,33592_8Z717_1_7_v_10_170_DESC,0,170,1,38.7559814453125,-9.153949737548828,26,2,1691159067,5806,1780,63-HX-18
1759_717,33600_11Z717_1_7_v_10_170_DESC,0,170,1,38.79827880859375,-9.150199890136719,2,2,1691159050,16003,1759,34-HU-25
1714_717,33597_10Z717_1_7_v_10_170_DESC,0,170,1,38.77830123901367,-9.1485595703125,13,2,1691159053,11509,1714,69-AL-77
282_28E,33859_41Z28E_1_7_v_29_75_DESC,0,75,1,38.7230110168457,-9.135330200195312,7,2,1691159062,706,282,AI-47-OJ
2334_708,33598_8Z708_1_7_v_7_100_DESC,0,100,1,38.74790954589844,-9.131150245666504,32,2,1691159066,7304,2334,53-53-ZJ
2309_708,33599_9Z708_1_7_v_8_100_DESC,0,100,1,38.761558532714844,-9.1141996383667,23,2,1691159054,8433,2309,83-15-ZM
1715_708,33601_10Z708_1_7_v_9_100_DESC,0,100,1,38.778751373291016,-9.095330238342285,11,2,1691159061,50125,1715,69-AL-78
272_734,33649_3Z734_1_7_v_19_205_DESC,0,205,1,38.71495819091797,-9.127960205078125,5,2,1691159052,2130,272,AH-26-IN
270_734,33647_1Z734_1_7_v_18_205_DESC,0,205,1,38.715049743652344,-9.136529922485352,16,2,1691159052,805,270,AH-54-CZ
2787_746,34083_5Z746_1_7_v_10_108_DESC,0,108,1,38.73939895629883,-9.167460441589355,16,2,1691159059,1620,2787,AI-55-TL
2785_746,34253_83Z746_1_7_v_1_108_DESC,0,108,1,38.75334930419922,-9.208450317382812,0,2,1691159055,,2785,AI-05-BT
2782_746,34248_81Z746_1_7_v_1_108_DESC,0,108,1,38.75265884399414,-9.20956039428711,0,2,1691159067,6,2782,AI-99-BS
2775_746,34079_1Z746_1_7_v_14_108_DESC,0,108,1,38.74742889404297,-9.190099716186523,8,2,1691159072,10803,2775,AH-31-ND
2406_716,34077_8Z716_1_7_v_14_164_DESC,0,164,1,38.738800048828125,-9.153300285339355,18,2,1691159045,1504,2406,50-AL-09
2446_716,34070_1Z716_1_7_v_16_164_DESC,0,164,1,38.7411003112793,-9.168450355529785,11,2,1691159052,10705,2446,44-BC-32
2979_52B,33332_1Z52B_1_7_v_8_244_CIRC,0,244,0,38.73836135864258,-9.15466022491455,10,2,1691159037,1513,2979,30-VM-17
2989_52B,33333_2Z52B_1_7_v_8_244_CIRC,0,244,0,38.735931396484375,-9.157959938049316,18,2,1691159074,50043,2989,29-VM-85
2740_755,33635_1Z755_1_7_v_10_118_ASC,0,118,0,38.74911117553711,-9.102860450744629,4,2,1691159051,50477,2740,AG-43-EI
1767_755,33645_11Z755_1_7_v_12_118_ASC,0,118,0,38.755149841308594,-9.113479614257812,15,2,1691159065,24370,1767,63-HX-29
2751_755,33644_10Z755_1_7_v_12_118_ASC,0,118,0,38.75027847290039,-9.158550262451172,37,2,1691159059,13507,2751,AG-12-TH
2479_754,33626_4Z754_1_7_v_10_201_DESC,0,201,1,38.7471809387207,-9.188779830932617,21,2,1691158988,10815,2479,91-BE-74
2253_754,33627_5Z754_1_7_v_10_201_DESC,0,201,1,38.739009857177734,-9.211009979248047,1,2,1691159069,8841,2253,80-52-ZE
201_46B,33385_1Z46B_1_7_v_7_239_CIRC,0,239,0,38.75815963745117,-9.143509864807129,16,2,1691159052,11306,201,97-87-VZ
2818_749,33378_1Z749_1_7_v_18_195_ASC,0,195,0,38.749549865722656,-9.102510452270508,10,2,1691159048,50228,2818,90-II-58
258_734,33650_4Z734_1_7_v_18_205_ASC,0,205,0,38.71498107910156,-9.128299713134766,10,2,1691159072,14802,258,AF-56-RM
2626_759,33998_8Z759_1_7_v_8_144_DESC,0,144,1,38.73065185546875,-9.10925006866455,33,2,1691159045,17566,2626,52-VP-86
2616_759,34002_11Z759_1_7_v_10_144_DESC,0,144,1,38.772361755371094,-9.117810249328613,12,2,1691159054,50079,2616,66-VI-44
2620_759,34001_10Z759_1_7_v_8_144_DESC,0,144,1,38.743831634521484,-9.113459587097168,25,2,1691159048,3706,2620,66-VI-33
6008_706,33759_18Z706_1_7_v_3_147_ASC,0,147,0,38.7276611328125,-9.140800476074219,4,2,1691159066,6906,6008,81-ZC-08
6004_706,33756_15Z706_1_7_v_16_147_ASC,0,147,0,38.725059509277344,-9.122329711914062,14,2,1691159064,11708,6004,82-ZC-35
2944_26B,33373_1Z26B_1_7_v_13_208_ASC,0,208,0,38.76551055908203,-9.098150253295898,18,2,1691159057,2511,2944,75-GO-13
2711_751,33535_11Z751_1_7_v_10_109_DESC,0,109,1,38.707279205322266,-9.173600196838379,26,2,1691159066,9415,2711,92-XQ-44
2789_751,33528_8Z751_1_7_v_13_109_DESC,0,109,1,38.698448181152344,-9.227450370788574,11,2,1691159017,4210,2789,AI-53-TL
2345_713,33954_6Z713_1_7_v_11_122_ASC,0,122,0,38.72343063354492,-9.159449577331543,3,2,1691159068,8512,2345,53-59-ZJ
2347_713,33949_5Z713_1_7_v_11_122_ASC,0,122,0,38.70719909667969,-9.158260345458984,15,2,1691159054,10009,2347,53-61-ZJ
2471_703,33413_1Z703_1_7_v_11_165_ASC,0,165,0,38.74504852294922,-9.199780464172363,38,2,1691159049,2806,2471,74-BC-70
2465_703,33414_2Z703_1_7_v_11_165_ASC,0,165,0,38.76702880859375,-9.181659698486328,25,2,1691159051,12810,2465,55-BH-00
2484_703,33415_3Z703_1_7_v_9_165_ASC,0,165,0,38.77391052246094,-9.161330223083496,16,2,1691159062,5950,2484,91-BE-76
2457_703,33416_4Z703_1_7_v_10_165_ASC,0,165,0,38.78628158569336,-9.142200469970703,0,2,1691159062,,2457,16-AZ-11
2237_764,33708_1Z764_1_7_v_13_168_ASC,0,168,0,38.750179290771484,-9.160900115966797,2,2,1691159055,13507,2237,06-27-XX
2487_764,33713_6Z764_1_7_v_10_168_ASC,0,168,0,38.74494934082031,-9.1899995803833,18,2,1691159064,10822,2487,54-BH-97
2701_711,34043_3Z711_1_7_v_11_101_ASC,0,101,0,38.7515983581543,-9.206080436706543,16,2,1691159064,50231,2701,92-XQ-35
2756_711,34048_5Z711_1_7_v_11_101_ASC,0,101,0,38.72587966918945,-9.160679817199707,1,2,1691159068,50309,2756,AH-27-ND
2769_711,34039_1Z711_1_7_v_11_101_ASC,0,101,0,38.74296188354492,-9.218609809875488,23,2,1691158493,3020,2769,"AH-19-ND "
2266_746,34250_82Z746_1_7_v_11_108_ASC,0,108,0,38.743961334228516,-9.17710018157959,9,2,1691159070,10706,2266,76-92-ZG
2781_746,34255_84Z746_1_7_v_11_108_ASC,0,108,0,38.74729919433594,-9.189279556274414,13,2,1691158801,10826,2781,AI-00-BT
2778_746,34082_4Z746_1_7_v_13_108_ASC,0,108,0,38.738548278808594,-9.163399696350098,4,2,1691159067,1507,2778,AI-08-BT
2777_746,34081_3Z746_1_7_v_15_108_ASC,0,108,0,38.749000549316406,-9.191049575805664,14,2,1691158837,10814,2777,AI-01-BT
1743_735,33668_1Z735_1_7_v_10_172_DESC,0,172,1,38.70534896850586,-9.143329620361328,33,2,1691159066,50589,1743,92-HR-00
2490_735,33670_3Z735_1_7_v_10_172_DESC,0,172,1,38.721309661865234,-9.129179954528809,20,2,1691159040,9110,2490,55-BH-01
1755_735,33669_2Z735_1_7_v_8_172_DESC,0,172,1,38.70758056640625,-9.133330345153809,32,2,1691159064,50591,1755,34-HU-21
2491_735,33672_5Z735_1_7_v_10_172_DESC,0,172,1,38.74245071411133,-9.137630462646484,10,2,1691159055,306,2491,54-BH-98
505_15E,34014_3Z15E_1_7_v_10_76_DESC,0,76,1,38.699581146240234,-9.184809684753418,11,2,1691159057,9505,505,
508_15E,34013_2Z15E_1_7_v_14_76_DESC,0,76,1,38.69599914550781,-9.219249725341797,4,2,1691159048,13203,508,
551_15E,34027_63Z15E_1_7_v_8_76_DESC,0,76,1,38.699378967285156,-9.228879928588867,1,2,1691158910,4215,551,
2299_15E,34028_64Z15E_1_7_v_8_76_DESC,0,76,1,38.695030212402344,-9.215729713439941,5,2,1691159068,13205,2299,83-14-ZM
4610_15E,34029_71Z15E_1_7_v_11_76_DESC,0,76,1,38.704811096191406,-9.177379608154297,14,2,1691159049,12115,4610,96-GL-87
573_18E,33363_2Z18E_1_7_v_16_78_DESC,0,78,1,38.704750061035156,-9.177729606628418,14,2,1691159049,12115,573,
2706_714,33470_7Z714_1_7_v_8_102_DESC,0,102,1,38.69752883911133,-9.19810962677002,22,2,1691159064,4113,2706,92-XQ-46
2687_714,33468_5Z714_1_7_v_10_102_DESC,0,102,1,38.7063102722168,-9.145130157470703,38,2,1691159058,3803,2687,93-XA-44
2722_714,33467_4Z714_1_7_v_10_102_DESC,0,102,1,38.70444869995117,-9.165109634399414,31,2,1691159051,10209,2722,92-XQ-36
2686_714,33465_2Z714_1_7_v_10_102_DESC,0,102,1,38.7063102722168,-9.147600173950195,37,2,1691159060,7101,2686,99-XE-58
2704_732,33772_2Z732_1_7_v_12_107_DESC,0,107,1,38.711578369140625,-9.214799880981445,2,2,1691159065,10403,2704,92-XQ-18
2700_732,33778_6Z732_1_7_v_12_107_DESC,0,107,1,38.70307922363281,-9.193750381469727,15,2,1691158981,13401,2700,92-XQ-26
2238_758,33692_10Z758_1_7_v_10_150_DESC,0,150,1,38.746761322021484,-9.184280395507812,9,2,1691159054,10829,2238,06-29-XX
2243_758,33688_6Z758_1_7_v_10_150_DESC,0,150,1,38.72040939331055,-9.159059524536133,24,2,1691159044,6815,2243,22-36-ZB
2296_758,33691_9Z758_1_7_v_8_150_DESC,0,150,1,38.74401092529297,-9.1773099899292,11,2,1691159065,10703,2296,92-51-ZM
2268_758,33690_8Z758_1_7_v_10_150_DESC,0,150,1,38.72785949707031,-9.162300109863281,19,2,1691159052,6122,2268,76-87-ZG
2639_781,33574_5Z781_1_7_v_11_151_DESC,0,151,1,38.72441101074219,-9.112130165100098,25,2,1691159057,8310,2639,75-VS-47
2632_781,33575_6Z781_1_7_v_11_151_DESC,0,151,1,38.759761810302734,-9.111599922180176,15,2,1691159063,8413,2632,52-VP-88
2997_25E,33345_1Z25E_1_7_v_17_79_DESC,0,79,1,38.71377944946289,-9.160900115966797,5,2,1691159053,8109,2997,34-VN-03
2774_712,33750_13Z712_1_7_v_27_189_ASC,0,189,0,38.71323013305664,-9.173850059509277,7,2,1691159062,9301,2774,AH-22-ND
4640_750,33437_1Z750_1_7_v_10_106_ASC,0,106,0,38.755859375,-9.1485595703125,13,2,1691159062,11301,4640,02-JN-87
4650_750,33451_15Z750_1_7_v_9_106_ASC,0,106,0,38.74531173706055,-9.204660415649414,28,2,1691159045,8816,4650,11-JM-80
4647_750,33449_13Z750_1_7_v_9_106_ASC,0,106,0,38.71416091918945,-9.2221097946167,34,2,1691159060,18111,4647,02-JN-88
4645_750,33457_21Z750_1_7_v_10_106_ASC,0,106,0,38.7581787109375,-9.14130973815918,11,2,1691159049,11308,4645,98-JO-46
2680_723,33935_3Z723_1_7_v_13_121_ASC,0,121,0,38.71385955810547,-9.21306037902832,15,2,1691159037,10404,2680,93-XA-36
2679_723,33934_2Z723_1_7_v_11_121_ASC,0,121,0,38.698909759521484,-9.225350379943848,22,2,1691159068,4208,2679,93-XA-34
2794_723,33936_4Z723_1_7_v_12_121_ASC,0,121,0,38.724361419677734,-9.160149574279785,1,2,1691159056,50309,2794,AJ-60-LI
2685_723,34291_81Z723_1_7_v_7_121_ASC,0,121,0,38.72235107421875,-9.171449661254883,0,1,1691159044,50309,2685,93-XA-46
2697_723,34292_82Z723_1_7_v_5_121_ASC,0,121,0,38.713661193847656,-9.20088005065918,0,1,1691159070,50309,2697,90-XF-59
273_79B,33558_1Z79B_1_7_v_6_221_CIRC,0,221,0,38.705631256103516,-9.202309608459473,12,2,1691159073,13114,273,AH-15-TB
275_79B,33559_2Z79B_1_7_v_6_221_CIRC,0,221,0,38.70893096923828,-9.210729598999023,27,2,1691159054,12405,275,AH-16-TB
2452_729,33498_9Z729_1_7_v_7_104_ASC,0,104,0,38.759010314941406,-9.192830085754395,9,2,1691159044,12821,2452,16-AZ-17
2418_729,33496_7Z729_1_7_v_8_104_ASC,0,104,0,38.75278091430664,-9.189279556274414,10,2,1691159051,50241,2418,92-AO-54
504_15E,34025_61Z15E_1_7_v_13_76_ASC,0,76,0,38.70460891723633,-9.178030014038086,7,2,1691159046,12116,504,
549_15E,34026_62Z15E_1_7_v_11_76_ASC,0,76,0,38.69900894165039,-9.225350379943848,18,2,1691159037,4208,549,
501_15E,34017_6Z15E_1_7_v_15_76_ASC,0,76,0,38.704261779785156,-9.173930168151855,5,2,1691159073,10202,501,
556_15E,34031_73Z15E_1_7_v_12_76_ASC,0,76,0,38.69628143310547,-9.209250450134277,14,2,1691159058,9610,556,
509_15E,34033_75Z15E_1_7_v_1_76_ASC,0,76,0,38.70418167114258,-9.173760414123535,0,2,1691159059,2,509,
503_15E,34018_7Z15E_1_7_v_9_76_ASC,0,76,0,38.70478057861328,-9.17747974395752,7,2,1691159046,12116,503,
510_15E,34016_5Z15E_1_7_v_11_76_ASC,0,76,0,38.702430725097656,-9.180549621582031,7,2,1691159054,12116,510,
2714_776,33511_2Z776_1_7_v_31_193_DESC,0,193,1,38.700199127197266,-9.24038028717041,7,2,1691159057,14905,2714,92-XQ-38
269_10B,33305_1Z10B_1_7_v_10_242_CIRC,0,242,0,38.71133041381836,-9.127679824829102,14,2,1691159056,50519,269,AG-25-NH
1778_794,34146_9Z794_1_7_v_10_115_DESC,0,115,1,38.73392868041992,-9.117259979248047,29,2,1691159071,17576,1778,63-HX-30
1769_794,34147_10Z794_1_7_v_11_115_DESC,0,115,1,38.75170135498047,-9.12537956237793,20,2,1691159074,14724,1769,63-HX-24
2480_778,33553_1Z778_1_7_v_16_179_DESC,0,179,1,38.7605094909668,-9.16919994354248,20,2,1691159059,50012,2480,91-BE-75
1745_796,33565_2Z796_1_7_v_24_174_DESC,0,174,1,38.768280029296875,-9.158479690551758,13,2,1691159064,5904,1745,92-HR-02
1747_796,33568_5Z796_1_7_v_16_174_DESC,0,174,1,38.7619514465332,-9.157449722290039,15,2,1691154777,5820,1747,92-HR-04
2405_747,33340_7Z747_1_7_v_14_177_DESC,0,177,1,38.7666015625,-9.158729553222656,19,2,1691159047,5816,2405,50-AL-10
2437_747,33334_1Z747_1_7_v_14_177_DESC,0,177,1,38.76654815673828,-9.182060241699219,9,2,1691159053,50365,2437,29-AX-09
1701_701,33351_3Z701_1_7_v_9_123_DESC,0,123,1,38.75297927856445,-9.159680366516113,29,2,1691159065,13509,1701,39-AB-08
1706_701,33353_5Z701_1_7_v_13_123_DESC,0,123,1,38.752010345458984,-9.149459838867188,32,2,1691159043,2015,1706,69-AL-69
1704_701,33355_7Z701_1_7_v_15_123_DESC,0,123,1,38.740631103515625,-9.167499542236328,12,2,1691159050,1621,1704,35-AL-14
1711_701,33354_6Z701_1_7_v_13_123_DESC,0,123,1,38.75088119506836,-9.17313003540039,20,2,1691159052,12709,1711,69-AL-74
1709_701,33349_1Z701_1_7_v_15_123_DESC,0,123,1,38.726478576660156,-9.162210464477539,7,2,1691159065,6104,1709,69-AL-72
1726_798,33854_3Z798_1_7_v_18_194_DESC,0,194,1,38.76736068725586,-9.149080276489258,16,2,1691159056,11504,1726,25-AS-38
2451_703,33419_7Z703_1_7_v_10_165_DESC,0,165,1,38.768951416015625,-9.176300048828125,19,2,1691159051,5937,2451,75-AQ-16
2470_703,33420_8Z703_1_7_v_10_165_DESC,0,165,1,38.75202941894531,-9.189310073852539,8,2,1691159060,10807,2470,74-BC-71
2474_703,33422_10Z703_1_7_v_11_165_DESC,0,165,1,38.7476806640625,-9.206979751586914,0,2,1691159057,,2474,74-BC-67
2213_742,33876_13Z742_1_7_v_12_114_DESC,0,114,1,38.71390914916992,-9.199359893798828,1,2,1691159060,10315,2213,08-04-XS
2228_742,33882_19Z742_1_7_v_12_114_DESC,0,114,1,38.703330993652344,-9.179510116577148,18,2,1691159060,12107,2228,06-24-XX
2733_742,33881_18Z742_1_7_v_14_114_DESC,0,114,1,38.70676040649414,-9.174579620361328,19,2,1691159064,12105,2733,AG-41-EI
1724_742,33883_20Z742_1_7_v_10_114_DESC,0,114,1,38.704750061035156,-9.19873046875,11,2,1691159071,13303,1724,25-AS-36
2348_713,33959_9Z713_1_7_v_14_122_DESC,0,122,1,38.727699279785156,-9.161910057067871,27,2,1691159045,8509,2348,53-56-ZJ
2280_713,33941_1Z713_1_7_v_12_122_DESC,0,122,1,38.71601104736328,-9.175749778747559,5,2,1691159051,11904,2280,67-40-ZJ
2285_713,33960_10Z713_1_7_v_12_122_DESC,0,122,1,38.717498779296875,-9.157329559326172,22,2,1691159063,6801,2285,67-55-ZJ
2945_722,33372_3Z722_1_7_v_13_196_DESC,0,196,1,38.764129638671875,-9.129549980163574,16,2,1691159053,7602,2945,75-GO-14
2613_744,33967_9Z744_1_7_v_9_200_DESC,0,200,1,38.76417922973633,-9.129579544067383,14,2,1691159066,50592,2613,66-VI-22
2288_744,33971_72Z744_1_7_v_1_200_DESC,0,200,1,38.763710021972656,-9.129549980163574,0,2,1691159059,,2288,92-59-ZM
2483_744,34238_81Z744_1_7_v_1_200_DESC,0,200,1,38.749298095703125,-9.137499809265137,0,2,1691159045,,2483,74-BC-66
2633_744,33961_7Z744_1_7_v_10_200_DESC,0,200,1,38.74140930175781,-9.145899772644043,25,2,1691159067,1902,2633,52-VP-79
2634_744,33939_1Z744_1_7_v_9_200_DESC,0,200,1,38.77396011352539,-9.097479820251465,4,2,1691159063,7824,2634,52-VP-85
4835_736,34252_85Z736_1_7_v_8_199_DESC,0,199,1,38.775428771972656,-9.148260116577148,8,2,1691159049,5910,4835,53-VR-06
2463_736,34249_83Z736_1_7_v_1_199_DESC,0,199,1,38.76258087158203,-9.156780242919922,0,2,1691159068,,2463,55-BH-03
2252_736,34247_82Z736_1_7_v_6_199_DESC,0,199,1,38.73664855957031,-9.143850326538086,22,2,1691159068,50544,2252,80-40-ZE
2255_736,34246_81Z736_1_7_v_1_199_DESC,0,199,1,38.764949798583984,-9.157150268554688,0,2,1691159069,3,2255,80-54-ZE
4836_736,34101_14Z736_1_7_v_10_199_DESC,0,199,1,38.77465057373047,-9.162349700927734,9,2,1691159049,5908,4836,34-VR-23
4834_736,34098_11Z736_1_7_v_10_199_DESC,0,199,1,38.73575973510742,-9.143659591674805,22,2,1691159051,50544,4834,20-VQ-71
4840_736,34099_12Z736_1_7_v_10_199_DESC,0,199,1,38.75394821166992,-9.152509689331055,16,2,1691159057,5704,4840,45-VX-93
4626_783,34116_1Z783_1_7_v_10_203_DESC,0,203,1,38.732200622558594,-9.142359733581543,30,2,1691159052,50605,4626,90-JI-93
4633_783,34120_5Z783_1_7_v_12_203_DESC,0,203,1,38.766849517822266,-9.129050254821777,18,2,1691159072,7602,4633,90-JI-94
4631_783,34119_4Z783_1_7_v_10_203_DESC,0,203,1,38.74357986450195,-9.147310256958008,27,2,1691159062,2019,4631,02-JN-86
6006_706,33755_14Z706_1_7_v_4_147_DESC,0,147,1,38.71186065673828,-9.124759674072266,2,2,1691159061,2110,6006,82-ZC-09
6011_706,33753_12Z706_1_7_v_1_147_DESC,0,147,1,38.76163101196289,-9.195280075073242,0,2,1691159045,,6011,50-67-ZR
6002_706,33752_11Z706_1_7_v_16_147_DESC,0,147,1,38.731361389160156,-9.136059761047363,16,2,1691159060,510,6002,98-XU-85
213_773,33395_9Z773_1_7_v_13_124_DESC,0,124,1,38.71952819824219,-9.153809547424316,24,2,1691159048,10607,213,44-10-XL
218_773,33387_1Z773_1_7_v_1_124_DESC,0,124,1,38.71413040161133,-9.161700248718262,0,2,1691159049,5,218,11-13-XO
2251_768,33318_6Z768_1_7_v_12_111_ASC,0,111,0,38.74456024169922,-9.17924976348877,8,2,1691159040,10704,2251,22-31-ZB
2235_768,33317_5Z768_1_7_v_9_111_ASC,0,111,0,38.77103042602539,-9.193260192871094,22,2,1691159050,14102,2235,06-32-XX
2314_725,33431_2Z725_1_7_v_22_197_DESC,0,197,1,38.77399826049805,-9.09749984741211,13,2,1691159070,7824,2314,61-89-ZB
4644_750,33439_3Z750_1_7_v_8_106_DESC,0,106,1,38.76026153564453,-9.134550094604492,29,2,1691159073,11305,4644,27-JO-11
4639_750,33442_6Z750_1_7_v_8_106_DESC,0,106,1,38.76837921142578,-9.099949836730957,38,2,1691159072,2315,4639,27-JO-13
4643_750,33444_8Z750_1_7_v_7_106_DESC,0,106,1,38.74958038330078,-9.192959785461426,16,2,1691159069,10835,4643,98-JO-45
4607_750,33453_17Z750_1_7_v_9_106_DESC,0,106,1,38.76362991333008,-9.103699684143066,37,2,1691159067,2313,4607,96-GL-84
4634_750,33446_10Z750_1_7_v_10_106_DESC,0,106,1,38.72930908203125,-9.208930015563965,7,2,1691159057,14005,4634,11-JM-78
1756_794,34142_5Z794_1_7_v_10_115_ASC,0,115,0,38.729461669921875,-9.115480422973633,8,2,1691159049,8321,1756,34-HU-22
1723_794,34141_4Z794_1_7_v_10_115_ASC,0,115,0,38.75572967529297,-9.118229866027832,25,2,1691159070,14702,1723,25-AS-35
2617_705,33524_2Z705_1_7_v_13_176_DESC,0,176,1,38.74259948730469,-9.132980346679688,2,2,1691159070,317,2617,66-VI-28
2647_705,33522_1Z705_1_7_v_12_176_DESC,0,176,1,38.769561767578125,-9.09811019897461,24,2,1691159055,7822,2647,75-VS-45
2612_759,33988_1Z759_1_7_v_7_144_ASC,0,144,0,38.77294921875,-9.097610473632812,40,2,1691159059,7824,2612,66-VI-29
2635_759,33994_5Z759_1_7_v_9_144_ASC,0,144,0,38.725379943847656,-9.113059997558594,7,2,1691159048,9807,2635,52-VP-90
2640_759,33992_3Z759_1_7_v_9_144_ASC,0,144,0,38.75505828857422,-9.11355972290039,22,2,1691159072,24370,2640,75-VS-43
2233_731,33618_6Z731_1_7_v_11_190_ASC,0,190,0,38.74245834350586,-9.156780242919922,6,2,1691159065,3301,2233,06-38-XX
2230_731,33616_4Z731_1_7_v_11_190_ASC,0,190,0,38.76121139526367,-9.121749877929688,21,2,1691159046,7509,2230,06-36-XX
2282_731,33614_2Z731_1_7_v_11_190_ASC,0,190,0,38.77021026611328,-9.109479904174805,26,2,1691159042,7705,2282,67-35-ZJ
2644_744,33946_3Z744_1_7_v_11_200_ASC,0,200,0,38.7722282409668,-9.097399711608887,21,2,1691159073,7821,2644,87-VS-52
2641_744,33953_5Z744_1_7_v_11_200_ASC,0,200,0,38.740211486816406,-9.144579887390137,2,2,1691159067,50607,2641,75-VS-49
1705_701,33350_2Z701_1_7_v_11_123_ASC,0,123,0,38.74789810180664,-9.171110153198242,18,2,1691159052,12710,1705,69-AL-68
2995_25E,33347_3Z25E_1_7_v_15_79_ASC,0,79,0,38.70735168457031,-9.142000198364258,0,2,1691159073,,2995,30-VM-15
2996_25E,33346_2Z25E_1_7_v_18_79_ASC,0,79,0,38.70766067504883,-9.161479949951172,9,2,1691159067,10008,2996,30-VM-03
547_28E,33855_5Z28E_1_7_v_10_75_ASC,0,75,0,38.71417999267578,-9.161629676818848,9,2,1691159068,8112,547,
2972_774,34003_3Z774_1_7_v_20_192_DESC,0,192,1,38.72106170654297,-9.16096019744873,6,2,1691159066,8519,2972,29-VM-96
2971_774,34006_4Z774_1_7_v_20_192_DESC,0,192,1,38.721378326416016,-9.149060249328613,0,2,1691159070,,2971,29-VM-98
2772_712,33748_11Z712_1_7_v_22_189_DESC,0,189,1,38.72515106201172,-9.163900375366211,9,2,1691159052,8610,2772,AH-24-ND
2980_702,34153_1Z702_1_7_v_20_146_DESC,0,146,1,38.72800827026367,-9.160079956054688,10,2,1691159054,6101,2980,29-VM-90
2256_754,33629_7Z754_1_7_v_9_201_ASC,0,201,0,38.74055862426758,-9.21426010131836,24,2,1691159069,8820,2256,80-53-ZE
2970_730,33563_4Z730_1_7_v_12_198_DESC,0,198,1,38.72782897949219,-9.128199577331543,14,2,1691159055,7009,2970,29-VM-87
2993_730,33560_1Z730_1_7_v_13_198_DESC,0,198,1,38.729610443115234,-9.14391040802002,0,2,1691159057,,2993,29-VM-93
2734_720,33766_6Z720_1_7_v_12_143_DESC,0,143,1,38.73775100708008,-9.155799865722656,13,2,1691159066,1511,2734,AG-50-EI
1753_720,33767_7Z720_1_7_v_12_143_DESC,0,143,1,38.70267868041992,-9.180230140686035,3,2,1691159052,12005,1753,34-HU-19
2742_720,33765_5Z720_1_7_v_11_143_DESC,0,143,1,38.74114990234375,-9.147250175476074,16,2,1691159057,1915,2742,AG-94-TG
2745_720,33763_3Z720_1_7_v_10_143_DESC,0,143,1,38.732059478759766,-9.142049789428711,19,2,1691159054,6506,2745,AG-06-TH
2737_756,33661_6Z756_1_7_v_15_175_DESC,0,175,1,38.73286056518555,-9.164250373840332,10,2,1691159067,6125,2737,AG-45-EI
2738_756,33658_3Z756_1_7_v_12_175_DESC,0,175,1,38.73360824584961,-9.163829803466797,10,2,1691159050,6125,2738,AG-46-EI
2736_756,33656_1Z756_1_7_v_13_175_DESC,0,175,1,38.73780059814453,-9.15565013885498,12,2,1691159073,1504,2736,AG-47-EI
2431_767,33733_14Z767_1_7_v_8_112_DESC,0,112,1,38.7493782043457,-9.21953010559082,2,2,1691159046,50336,2431,44-BC-27
2422_767,33730_11Z767_1_7_v_8_112_DESC,0,112,1,38.760501861572266,-9.169349670410156,24,2,1691159065,50012,2422,29-AU-17
2401_767,33732_13Z767_1_7_v_8_112_DESC,0,112,1,38.75627899169922,-9.203949928283691,9,2,1691159041,13712,2401,50-AL-14
2403_767,33729_10Z767_1_7_v_6_112_DESC,0,112,1,38.761329650878906,-9.16670036315918,25,2,1691159063,50006,2403,50-AL-12
2433_767,33726_7Z767_1_7_v_7_112_DESC,0,112,1,38.72951126098633,-9.14050006866455,41,2,1691159060,6903,2433,44-BC-28
2450_767,33728_9Z767_1_7_v_10_112_DESC,0,112,1,38.7504997253418,-9.142680168151855,33,2,1691159073,102,2450,44-BC-36
1708_756,33664_9Z756_1_7_v_12_175_ASC,0,175,0,38.702598571777344,-9.180299758911133,24,2,1691159059,12122,1708,69-AL-71
4811_728,33830_18Z728_1_7_v_8_204_DESC,0,204,1,38.697330474853516,-9.202879905700684,11,2,1691159063,10202,4811,34-VR-20
4812_728,33831_19Z728_1_7_v_9_204_DESC,0,204,1,38.706329345703125,-9.145359992980957,7,2,1691159065,3802,4812,20-VQ-70
1765_742,33878_15Z742_1_7_v_15_114_ASC,0,114,0,38.703678131103516,-9.190730094909668,19,2,1691159053,13406,1765,63-HX-28
2306_742,33877_14Z742_1_7_v_13_114_ASC,0,114,0,38.710628509521484,-9.193610191345215,25,2,1691159052,10308,2306,83-19-ZM
2735_742,33879_16Z742_1_7_v_13_114_ASC,0,114,0,38.71250915527344,-9.17354965209961,8,2,1691159056,9405,2735,AG-37-EI
2212_742,33874_11Z742_1_7_v_13_114_ASC,0,114,0,38.767059326171875,-9.171879768371582,1,2,1691159010,6106,2212,08-05-XS
2708_732,33776_4Z732_1_7_v_13_107_ASC,0,107,0,38.7034797668457,-9.170530319213867,6,2,1691159054,10202,2708,92-XQ-32
2703_732,33770_1Z732_1_7_v_11_107_ASC,0,107,0,38.70381164550781,-9.206509590148926,20,2,1691159063,13108,2703,92-XQ-24
550_28E,33850_3Z28E_1_7_v_19_75_DESC,0,75,1,38.712650299072266,-9.156880378723145,7,2,1691159041,6717,550,
554_28E,33848_1Z28E_1_7_v_17_75_DESC,0,75,1,38.70989990234375,-9.151749610900879,11,2,1691159072,7111,554,
2231_799,33538_3Z799_1_7_v_13_120_DESC,0,120,1,38.7535514831543,-9.19618034362793,22,2,1691159062,10912,2231,06-28-XX
2245_778,33556_4Z778_1_7_v_14_179_ASC,0,179,0,38.76131057739258,-9.170649528503418,5,2,1691159063,50011,2245,22-35-ZB
2976_765,33717_3Z765_1_7_v_32_110_DESC,0,110,1,38.75278091430664,-9.209650039672852,0,2,1691159048,,2976,30-VM-00
2423_716,34075_6Z716_1_7_v_15_164_ASC,0,164,0,38.73950958251953,-9.149979591369629,2,2,1691159068,1407,2423,29-AU-18
2408_716,34074_5Z716_1_7_v_13_164_ASC,0,164,0,38.749061584472656,-9.19102954864502,16,2,1691159075,10814,2408,50-AL-08
2244_758,33695_13Z758_1_7_v_11_150_ASC,0,150,0,38.7489013671875,-9.191049575805664,26,2,1691158893,10814,2244,22-44-ZB
2249_758,33697_15Z758_1_7_v_9_150_ASC,0,150,0,38.74148178100586,-9.169599533081055,19,2,1691159060,1609,2249,22-32-ZB
2279_758,33699_17Z758_1_7_v_11_150_ASC,0,150,0,38.739810943603516,-9.167280197143555,17,2,1691159050,2713,2279,67-38-ZJ
2250_758,33700_18Z758_1_7_v_11_150_ASC,0,150,0,38.720458984375,-9.159159660339355,9,2,1691159047,6816,2250,80-41-ZE
2257_758,33683_1Z758_1_7_v_11_150_ASC,0,150,0,38.72040939331055,-9.155360221862793,8,2,1691159048,6812,2257,80-50-ZE
1772_742,33870_6Z742_1_7_v_18_114_ASC,0,114,0,38.724578857421875,-9.11598014831543,9,2,1691159046,9806,1772,63-HX-22
2205_742,33868_4Z742_1_7_v_16_114_ASC,0,114,0,38.73775100708008,-9.142430305480957,21,2,1691159045,11107,2205,01-71-XO
231_41B,33361_2Z41B_1_7_v_16_232_DESC,0,232,1,38.779781341552734,-9.148360252380371,16,2,1691159048,6018,231,84-47-XQ
1729_798,33851_1Z798_1_7_v_19_194_ASC,0,194,0,38.78242874145508,-9.14188003540039,17,2,1691159070,6016,1729,25-AS-41
4624_796,33564_1Z796_1_7_v_23_174_ASC,0,174,0,38.77009963989258,-9.159560203552246,3,2,1691159070,5901,4624,11-JM-75
2712_738,33842_11Z738_1_7_v_17_117_ASC,0,117,0,38.70463180541992,-9.1766996383667,12,2,1691159052,12102,2712,97-27-XT
2667_738,33845_14Z738_1_7_v_15_117_ASC,0,117,0,38.7157096862793,-9.159680366516113,5,2,1691159059,8104,2667,87-XB-45
2666_738,33846_15Z738_1_7_v_17_117_ASC,0,117,0,38.71160125732422,-9.16405963897705,6,2,1691159053,8102,2666,87-XB-39
2297_724,33410_7Z724_1_7_v_14_178_DESC,0,178,1,38.74483108520508,-9.199299812316895,12,2,1691159052,2802,2297,83-06-ZM
4814_728,33814_2Z728_1_7_v_7_204_DESC,0,204,1,38.729251861572266,-9.107060432434082,23,2,1691159073,8314,4814,68-VQ-52
4609_728,34226_83Z728_1_7_v_9_204_DESC,0,204,1,38.696250915527344,-9.198949813842773,38,2,1691159049,10202,4609,96-GL-86
2663_728,33841_72Z728_1_7_v_5_204_DESC,0,204,1,38.70355987548828,-9.170209884643555,47,2,1691159066,9604,2663,05-VZ-62
4823_728,33828_16Z728_1_7_v_9_204_DESC,0,204,1,38.72700119018555,-9.109729766845703,24,2,1691159047,8312,4823,53-VR-09
4825_728,33825_13Z728_1_7_v_9_204_DESC,0,204,1,38.696800231933594,-9.199179649353027,38,2,1691159063,10202,4825,20-VQ-72
4821_728,33823_11Z728_1_7_v_7_204_DESC,0,204,1,38.69779968261719,-9.204500198364258,47,2,1691159066,9604,4821,20-VQ-68
2718_727,33893_3Z727_1_7_v_7_103_ASC,0,103,0,38.71242904663086,-9.175410270690918,18,2,1691159056,11904,2718,92-XQ-23
2768_727,33895_5Z727_1_7_v_8_103_ASC,0,103,0,38.741729736328125,-9.146949768066406,8,2,1691159055,1906,2768,AH-25-ND
2655_727,33892_2Z727_1_7_v_6_103_ASC,0,103,0,38.6974983215332,-9.20419979095459,29,2,1691159020,4112,2655,05-VZ-67
2719_727,33891_1Z727_1_7_v_7_103_ASC,0,103,0,38.70235061645508,-9.202409744262695,32,2,1691159016,13310,2719,92-XQ-17
2747_755,33636_2Z755_1_7_v_11_118_DESC,0,118,1,38.74320983886719,-9.09988021850586,40,2,1691159072,12524,2747,AG-09-TH
1763_755,33638_4Z755_1_7_v_11_118_DESC,0,118,1,38.7563591003418,-9.118300437927246,25,2,1691159071,14702,1763,63-HX-25
2497_755,33640_6Z755_1_7_v_9_118_DESC,0,118,1,38.75381088256836,-9.14445972442627,11,2,1691159041,104,2497,88-BL-71
1713_793,33519_4Z793_1_7_v_14_145_DESC,0,145,1,38.74781036376953,-9.108779907226562,14,2,1691159052,3710,1713,69-AL-76
4619_728,33821_9Z728_1_7_v_8_204_ASC,0,204,0,38.763999938964844,-9.098010063171387,44,2,1691159068,2402,4619,22-GP-53
4818_728,33819_7Z728_1_7_v_10_204_ASC,0,204,0,38.70756149291992,-9.133000373840332,25,2,1691159043,4507,4818,42-VT-57
4615_728,34225_82Z728_1_7_v_1_204_ASC,0,204,0,38.712528228759766,-9.123860359191895,0,2,1691159061,6,4615,22-GP-49
4618_728,33816_4Z728_1_7_v_6_204_ASC,0,204,0,38.76382827758789,-9.098030090332031,44,2,1691159069,2402,4618,22-GP-52
2949_722,33371_2Z722_1_7_v_14_196_ASC,0,196,0,38.74235916137695,-9.13601016998291,3,2,1691159055,304,2949,62-GQ-52
581_18E,33362_1Z18E_1_7_v_17_78_ASC,0,78,0,38.7034797668457,-9.170729637145996,5,2,1691159046,10202,581,
545_18E,33364_3Z18E_1_7_v_13_78_ASC,0,78,0,38.704811096191406,-9.195910453796387,15,2,1691159033,13410,545,
604_18E,18351_51Z18E_1_2_v_1_78_ASC,0,78,0,38.70151138305664,-9.181050300598145,0,2,1690817699,,604,
2258_764,33710_3Z764_1_7_v_10_168_DESC,0,168,1,38.75144958496094,-9.190079689025879,19,2,1691159064,10807,2258,53-58-ZJ
2239_768,33314_3Z768_1_7_v_12_111_DESC,0,111,1,38.771461486816406,-9.18947982788086,5,2,1691159067,14105,2239,06-30-XX
2246_768,33313_2Z768_1_7_v_12_111_DESC,0,111,1,38.75600051879883,-9.17704963684082,16,2,1691159067,13605,2246,22-38-ZB
2744_735,33677_10Z735_1_7_v_9_172_ASC,0,172,0,38.754600524902344,-9.144659996032715,27,2,1691159049,103,2744,AG-13-TH
2499_735,33681_14Z735_1_7_v_9_172_ASC,0,172,0,38.706581115722656,-9.137330055236816,1,2,1691159061,3801,2499,03-BM-58
2495_735,33679_12Z735_1_7_v_9_172_ASC,0,172,0,38.73514938354492,-9.134149551391602,18,2,1691159058,509,2495,88-BL-69
2462_726,33806_10Z726_1_7_v_9_116_ASC,0,116,0,38.73720932006836,-9.142029762268066,9,2,1691159052,11102,2462,74-BC-72
2459_726,33804_8Z726_1_7_v_7_116_ASC,0,116,0,38.750301361083984,-9.172829627990723,25,2,1691159046,12709,2459,74-BC-74
2475_726,33803_7Z726_1_7_v_9_116_ASC,0,116,0,38.765708923339844,-9.198599815368652,34,2,1691158920,13912,2475,54-BH-96
2476_726,33802_6Z726_1_7_v_9_116_ASC,0,116,0,38.76002883911133,-9.192310333251953,34,2,1691159040,13912,2476,91-BE-72
2464_726,33798_2Z726_1_7_v_5_116_ASC,0,116,0,38.69525146484375,-9.215510368347168,0,2,1691159059,,2464,91-BE-71
2294_724,33404_1Z724_1_7_v_15_178_ASC,0,178,0,38.76520919799805,-9.19832992553711,27,2,1691158588,13912,2294,92-52-ZM
2292_724,33406_3Z724_1_7_v_15_178_ASC,0,178,0,38.75545883178711,-9.199310302734375,22,2,1691159053,10910,2292,83-16-ZM
2412_724,33408_5Z724_1_7_v_17_178_ASC,0,178,0,38.707698822021484,-9.179349899291992,2,2,1691159046,12117,2412,92-AO-48
2441_747,33337_4Z747_1_7_v_14_177_ASC,0,177,0,38.768028259277344,-9.180529594421387,11,2,1691159059,12829,2441,29-AX-07
2421_747,33339_6Z747_1_7_v_14_177_ASC,0,177,0,38.759178161621094,-9.156350135803223,1,2,1691159055,5827,2421,29-AU-16
2346_729,33504_52Z729_1_7_v_6_104_DESC,0,104,1,38.78575897216797,-9.149849891662598,32,2,1691159045,10807,2346,62-93-ZG
2402_729,33492_3Z729_1_7_v_9_104_DESC,0,104,1,38.737060546875,-9.201930046081543,22,2,1691159032,8837,2402,50-AL-13
2454_729,33501_12Z729_1_7_v_6_104_DESC,0,104,1,38.74861145019531,-9.191160202026367,31,2,1691159068,10835,2454,16-AZ-18
2430_729,33490_1Z729_1_7_v_9_104_DESC,0,104,1,38.7504997253418,-9.191060066223145,32,2,1691159042,10807,2430,29-AX-12
279_28E,33860_42Z28E_1_7_v_1_75_ASC,0,75,0,38.714908599853516,-9.136460304260254,0,2,1691134515,,279,AI-38-FG
268_28E,33861_43Z28E_1_7_v_24_75_ASC,0,75,0,38.71549987792969,-9.136059761047363,0,2,1691159048,,268,AH-56-CZ
4627_736,34104_17Z736_1_7_v_9_199_ASC,0,199,0,38.78628158569336,-9.18323040008545,24,2,1691158378,15102,4627,11-JM-76
4828_736,34088_1Z736_1_7_v_9_199_ASC,0,199,0,38.7901611328125,-9.176199913024902,22,2,1691159039,50083,4828,20-VQ-64
4838_736,34107_20Z736_1_7_v_9_199_ASC,0,199,0,38.773529052734375,-9.16156005859375,14,2,1691159049,5907,4838,34-VR-22
2293_736,34251_84Z736_1_7_v_9_199_ASC,0,199,0,38.77315902709961,-9.161310195922852,14,2,1691159060,5907,2293,92-57-ZM
4827_736,34090_3Z736_1_7_v_9_199_ASC,0,199,0,38.74797821044922,-9.148200035095215,5,2,1691159062,2011,4827,34-VR-15
4830_736,34092_5Z736_1_7_v_11_199_ASC,0,199,0,38.73194885253906,-9.141630172729492,1,2,1691159044,6506,4830,20-VQ-63
1770_717,33602_12Z717_1_7_v_10_170_ASC,0,170,0,38.79558181762695,-9.150879859924316,38,2,1691159047,11610,1770,63-HX-17
1758_717,33584_4Z717_1_7_v_11_170_ASC,0,170,0,38.76033020019531,-9.156880378723145,15,2,1691159050,5805,1758,34-HU-24
1746_717,33583_3Z717_1_7_v_8_170_ASC,0,170,0,38.773799896240234,-9.161580085754395,20,2,1691159053,5905,1746,92-HR-03
1742_717,33588_6Z717_1_7_v_11_170_ASC,0,170,0,38.73630142211914,-9.13463020324707,1,2,1691159046,521,1742,91-HR-99
2629_781,33569_1Z781_1_7_v_11_151_ASC,0,151,0,38.71432876586914,-9.121600151062012,4,2,1691159059,2113,2629,52-VP-81
2636_781,33579_10Z781_1_7_v_13_151_ASC,0,151,0,38.76253128051758,-9.109450340270996,15,2,1691159054,8414,2636,87-VS-50
4628_783,34123_8Z783_1_7_v_11_203_ASC,0,203,0,38.78826141357422,-9.123749732971191,29,2,1691158807,16305,4628,27-JO-10
4622_783,34125_10Z783_1_7_v_9_203_ASC,0,203,0,38.7594108581543,-9.137510299682617,10,2,1691159052,11303,4622,90-JI-91
2218_742,33866_2Z742_1_7_v_13_114_DESC,0,114,1,38.73775863647461,-9.142560005187988,0,2,1691159059,,2218,07-98-XS
1720_742,33872_8Z742_1_7_v_15_114_DESC,0,114,1,38.728031158447266,-9.109800338745117,17,2,1691159059,8303,1720,25-AS-32
1751_742,33865_1Z742_1_7_v_17_114_DESC,0,114,1,38.72809982299805,-9.12051010131836,10,2,1691159073,11702,1751,34-HU-17
2676_714,33478_71Z714_1_7_v_5_102_ASC,0,102,0,38.721248626708984,-9.221360206604004,40,2,1691158827,18602,2676,87-XB-40
2691_714,33479_72Z714_1_7_v_7_102_ASC,0,102,0,38.7067985534668,-9.155579566955566,4,2,1691159059,3926,2691,90-XF-45
2713_714,33471_8Z714_1_7_v_9_102_ASC,0,102,0,38.70547866821289,-9.17117977142334,10,2,1691159062,10208,2713,92-XQ-34
2688_714,33473_10Z714_1_7_v_9_102_ASC,0,102,0,38.7227783203125,-9.229729652404785,40,2,1691159049,18602,2688,93-XA-35
4808_753,34056_14Z753_1_7_v_8_167_ASC,0,167,0,38.67380142211914,-9.173910140991211,4,2,1691159052,14601,4808,20-VQ-73
2815_718,33327_7Z718_1_7_v_11_105_DESC,0,105,1,38.75550079345703,-9.113249778747559,30,2,1691159051,24370,2815,90-II-55
2809_718,33323_3Z718_1_7_v_13_105_DESC,0,105,1,38.74052810668945,-9.13346004486084,3,2,1691159071,404,2809,01-IH-98
2812_718,33321_1Z718_1_7_v_10_105_DESC,0,105,1,38.737728118896484,-9.102959632873535,19,2,1691159069,12505,2812,90-II-61
2813_749,33379_2Z749_1_7_v_17_195_DESC,0,195,1,38.74913024902344,-9.136810302734375,5,2,1691159070,11204,2813,90-II-53
2761_751,33545_14Z751_1_7_v_1_109_ASC,0,109,0,38.69865036010742,-9.227330207824707,0,2,1691159063,6,2761,AH-33-ND
2790_751,33540_12Z751_1_7_v_10_109_ASC,0,109,0,38.69987869262695,-9.212010383605957,18,2,1691159048,9614,2790,AI-54-TL
2675_748,33981_23Z748_1_7_v_10_169_ASC,0,169,0,38.724361419677734,-9.160110473632812,1,2,1691159049,50309,2675,87-XB-35
2272_731,33619_7Z731_1_7_v_8_190_DESC,0,190,1,38.738609313964844,-9.163860321044922,28,2,1691159062,1602,2272,76-80-ZG
2234_731,33620_8Z731_1_7_v_10_190_DESC,0,190,1,38.7534294128418,-9.157580375671387,19,2,1691159045,5701,2234,06-26-XX
2260_731,33613_1Z731_1_7_v_10_190_DESC,0,190,1,38.76945877075195,-9.113059997558594,8,2,1691159045,7706,2260,67-47-ZJ
262_61B,33375_1Z61B_1_7_v_10_241_ASC,0,241,0,38.730979919433594,-9.17335033416748,16,2,1691159070,50085,262,AF-49-ZD
2984_702,34157_5Z702_1_7_v_21_146_ASC,0,146,0,38.73365020751953,-9.16897964477539,8,2,1691159072,2705,2984,30-VM-04
2943_29B,33380_1Z29B_1_7_v_13_209_CIRC,0,209,0,38.77558135986328,-9.113249778747559,14,2,1691159068,12309,2943,51-GL-83
2330_705,33541_54Z705_1_7_v_5_176_ASC,0,176,0,38.74530029296875,-9.113280296325684,5,2,1691159067,7908,2330,67-52-ZJ
2624_705,33529_4Z705_1_7_v_13_176_ASC,0,176,0,38.77745056152344,-9.126879692077637,14,2,1691159072,50101,2624,72-VP-82
2960_40B,33329_1Z40B_1_7_v_13_212_DESC,0,212,1,38.780609130859375,-9.150500297546387,11,2,1691159052,50344,2960,27-GU-75
1710_793,33515_2Z793_1_7_v_14_145_ASC,0,145,0,38.748260498046875,-9.118659973144531,21,2,1691159044,3605,1710,69-AL-73
2953_40B,33330_2Z40B_1_7_v_13_212_ASC,0,212,0,38.773780822753906,-9.161479949951172,27,2,1691159066,50163,2953,62-GQ-55
2950_31B,33403_1Z31B_1_7_v_18_210_ASC,0,210,0,38.752628326416016,-9.10984992980957,6,2,1691159065,24385,2950,62-GQ-51
281_73B,33707_1Z73B_1_7_v_7_220_CIRC,0,220,0,38.70167922973633,-9.180100440979004,37,2,1691159054,9505,281,AI-48-OJ
2473_726,33800_4Z726_1_7_v_8_116_DESC,0,116,1,38.74607849121094,-9.169610023498535,13,2,1691159057,12710,2473,74-BC-68
2456_726,33799_3Z726_1_7_v_10_116_DESC,0,116,1,38.738250732421875,-9.154680252075195,23,2,1691159057,1504,2456,74-BC-75
2649_711,34057_10Z711_1_7_v_11_101_DESC,0,101,1,38.743228912353516,-9.218830108642578,2,2,1691159064,3019,2649,75-VS-42
2765_711,34055_9Z711_1_7_v_9_101_DESC,0,101,1,38.73305130004883,-9.18964958190918,17,2,1691159052,8716,2765,AH-37-ND
2698_723,34293_83Z723_1_7_v_6_121_DESC,0,121,1,38.706748962402344,-9.21597957611084,6,2,1691159056,9706,2698,92-XQ-20
2681_723,33943_8Z723_1_7_v_13_121_DESC,0,121,1,38.71760940551758,-9.19946002960205,17,2,1691159048,10315,2681,93-XA-41
2682_723,33947_9Z723_1_7_v_12_121_DESC,0,121,1,38.709808349609375,-9.21500015258789,7,2,1691159059,12404,2682,93-XA-42
2792_748,33982_24Z748_1_7_v_9_169_DESC,0,169,1,38.71788024902344,-9.215160369873047,6,2,1691159064,14311,2792,AJ-53-LI
4809_753,34049_11Z753_1_7_v_10_167_DESC,0,167,1,38.723228454589844,-9.16565990447998,3,2,1691159058,8608,4809,20-VQ-67
2427_767,33721_2Z767_1_7_v_7_112_ASC,0,112,0,38.758548736572266,-9.154000282287598,17,2,1691159059,5707,2427,29-AX-14
2416_767,33723_4Z767_1_7_v_7_112_ASC,0,112,0,38.73643112182617,-9.136380195617676,7,2,1691159052,11108,2416,92-AO-53
2438_767,33720_1Z767_1_7_v_7_112_ASC,0,112,0,38.75979995727539,-9.179759979248047,26,2,1691159067,12828,2438,44-BC-29
2447_767,33735_16Z767_1_7_v_7_112_ASC,0,112,0,38.75371170043945,-9.206399917602539,39,2,1691159053,10927,2447,44-BC-33
2942_32B,33432_1Z32B_1_7_v_12_211_CIRC,0,211,0,38.75040054321289,-9.116700172424316,17,2,1691159064,50478,2942,51-GL-82
2750_720,33761_1Z720_1_7_v_11_143_ASC,0,143,0,38.73741149902344,-9.136159896850586,8,2,1691159052,407,2750,AG-10-TH
2743_720,33771_10Z720_1_7_v_9_143_ASC,0,143,0,38.73588180541992,-9.160810470581055,17,2,1691159049,1514,2743,AG-94-TG
221_773,33393_7Z773_1_7_v_19_124_ASC,0,124,0,38.72040939331055,-9.153730392456055,0,2,1691159048,,221,11-06-XO
224_773,33391_5Z773_1_7_v_19_124_ASC,0,124,0,38.71607971191406,-9.147979736328125,4,2,1691158983,10608,224,04-89-XQ
230_773,33389_3Z773_1_7_v_16_124_ASC,0,124,0,38.71220016479492,-9.168549537658691,19,2,1691159062,10107,230,13-33-XZ
278_76B,33359_1Z76B_1_7_v_11_219_CIRC,0,219,0,38.710880279541016,-9.204750061035156,18,2,1691159058,12926,278,AI-39-FG
257_37B,33308_1Z37B_1_7_v_8_224_CIRC,0,224,0,38.72719955444336,-9.125709533691406,9,2,1691158962,50399,257,AF-59-RM
2988_70B,33383_1Z70B_1_7_v_7_225_CIRC,0,225,0,38.75675964355469,-9.201359748840332,25,2,1691159067,13703,2988,29-VM-94
2987_70B,33384_2Z70B_1_7_v_7_225_CIRC,0,225,0,38.745628356933594,-9.200559616088867,6,2,1691159019,2807,2987,29-VM-99
2696_776,33510_1Z776_1_7_v_36_193_ASC,0,193,0,38.70063018798828,-9.242850303649902,5,2,1691159048,14906,2696,90-XF-63
2975_34B,33298_1Z34B_1_7_v_5_226_CIRC,0,226,0,38.73040008544922,-9.107799530029297,25,2,1691159061,8308,2975,30-VM-11
215_41B,33360_1Z41B_1_7_v_16_232_ASC,0,232,0,38.7742805480957,-9.155449867248535,15,2,1691158509,11502,215,44-42-XM
2752_708,33585_1Z708_1_7_v_10_100_ASC,0,100,0,38.795310974121094,-9.096949577331543,39,2,1691159068,50303,2752,AG-18-TH
1712_708,33589_3Z708_1_7_v_7_100_ASC,0,100,0,38.74509811401367,-9.13129997253418,10,2,1691158991,317,1712,69-AL-75
2310_708,33587_2Z708_1_7_v_10_100_ASC,0,100,0,38.76456069946289,-9.1106595993042,24,2,1691159027,7724,2310,83-07-ZM
261_22B,33311_1Z22B_1_7_v_10_236_CIRC,0,236,0,38.7087516784668,-9.151780128479004,13,2,1691159068,7106,261,AF-48-ZD
2811_718,33325_5Z718_1_7_v_10_105_ASC,0,105,0,38.73051071166992,-9.107749938964844,15,2,1691159048,8308,2811,02-IH-00
2819_718,33324_4Z718_1_7_v_12_105_ASC,0,105,0,38.74034881591797,-9.133429527282715,30,2,1691159070,411,2819,90-II-59
2817_718,33326_6Z718_1_7_v_12_105_ASC,0,105,0,38.751731872558594,-9.113510131835938,2,2,1691159074,50070,2817,90-II-57
2964_730,33561_2Z730_1_7_v_12_198_ASC,0,198,0,38.726600646972656,-9.145509719848633,23,2,1691159074,6603,2964,30-VM-19
2961_730,33562_3Z730_1_7_v_14_198_ASC,0,198,0,38.739200592041016,-9.121230125427246,6,2,1691159065,8907,2961,26-VD-02
264_61B,33376_2Z61B_1_7_v_10_241_DESC,0,241,1,38.724029541015625,-9.17020034790039,17,2,1691159045,50507,264,AG-42-OV
255_55B,33348_1Z55B_1_7_v_10_240_CIRC,0,240,0,38.756500244140625,-9.186659812927246,18,2,1691159066,12802,255,AF-58-RM
267_67B,33309_1Z67B_1_7_v_7_253_CIRC,0,253,0,38.70528030395508,-9.170729637145996,12,2,1691159050,9418,267,AG-41-OV
205_17B,33343_1Z17B_1_7_v_7_247_CIRC,0,247,0,38.719581604003906,-9.136380195617676,12,2,1691159051,811,205,30-01-XM
214_49B,33306_1Z49B_1_7_v_8_251_CIRC,0,251,0,38.74401092529297,-9.140899658203125,2,2,1691159063,50563,214,44-14-XL
2973_774,33995_1Z774_1_7_v_21_192_ASC,0,192,0,38.71738052368164,-9.16843032836914,2,2,1691159059,8012,2973,30-VM-13
2974_774,34009_5Z774_1_7_v_15_192_ASC,0,192,0,38.72019958496094,-9.155500411987305,8,2,1691159053,6823,2974,30-VM-22
2715_709,33928_2Z709_1_7_v_23_148_DESC,0,148,1,38.71445083618164,-9.160730361938477,4,2,1691159070,8105,2715,93-XQ-22